Program Version:,EnergyPlus, Version 9.4.0-998c4b761e, YMD=2025.09.03 14:02
Tabular Output Report in Format: ,Comma

Building:,Building 1
Environment:,WINTER DESIGN DAY IN UNTITLED (01-01:31-12) ** 

----------------------------------------------------------------------------------------------------
REPORT:,Annual Building Utility Performance Summary
FOR:,Entire Facility
Values gathered over         0.00 hours
WARNING: THE REPORT DOES NOT REPRESENT A FULL ANNUAL SIMULATION.

Site and Source Energy

,,Total Energy [kWh],Energy Per Total Building Area [kWh/m2],Energy Per Conditioned Building Area [kWh/m2]
,Total Site Energy,0.00,0.00,0.00
,Net Site Energy,0.00,0.00,0.00
,Total Source Energy,0.00,0.00,0.00
,Net Source Energy,0.00,0.00,0.00


Site to Source Energy Conversion Factors

,,Site=>Source Conversion Factor
,Electricity,3.167
,Natural Gas,1.084
,District Cooling,1.056
,District Heating,3.613
,Steam,0.250
,Gasoline,1.050
,Diesel,1.050
,Coal,1.050
,Fuel Oil No 1,1.050
,Fuel Oil No 2,1.050
,Propane,1.050
,Other Fuel 1,1.000
,Other Fuel 2,1.000


Building Area

,,Area [m2]
,Total Building Area,54.97
,Net Conditioned Building Area,54.97
,Unconditioned Building Area,0.00


End Uses

,,Electricity [kWh],Natural Gas [kWh],Gasoline [kWh],Diesel [kWh],Coal [kWh],Fuel Oil No 1 [kWh],Fuel Oil No 2 [kWh],Propane [kWh],Other Fuel 1 [kWh],Other Fuel 2 [kWh],District Cooling [kWh],District Heating [kWh],Water [m3]
,Heating,0.00,0.00,0.00,0.00,0.00,0.00,0.00,0.00,0.00,0.00,0.00,0.00,0.00
,Cooling,0.00,0.00,0.00,0.00,0.00,0.00,0.00,0.00,0.00,0.00,0.00,0.00,0.00
,Interior Lighting,0.00,0.00,0.00,0.00,0.00,0.00,0.00,0.00,0.00,0.00,0.00,0.00,0.00
,Exterior Lighting,0.00,0.00,0.00,0.00,0.00,0.00,0.00,0.00,0.00,0.00,0.00,0.00,0.00
,Interior Equipment,0.00,0.00,0.00,0.00,0.00,0.00,0.00,0.00,0.00,0.00,0.00,0.00,0.00
,Exterior Equipment,0.00,0.00,0.00,0.00,0.00,0.00,0.00,0.00,0.00,0.00,0.00,0.00,0.00
,Fans,0.00,0.00,0.00,0.00,0.00,0.00,0.00,0.00,0.00,0.00,0.00,0.00,0.00
,Pumps,0.00,0.00,0.00,0.00,0.00,0.00,0.00,0.00,0.00,0.00,0.00,0.00,0.00
,Heat Rejection,0.00,0.00,0.00,0.00,0.00,0.00,0.00,0.00,0.00,0.00,0.00,0.00,0.00
,Humidification,0.00,0.00,0.00,0.00,0.00,0.00,0.00,0.00,0.00,0.00,0.00,0.00,0.00
,Heat Recovery,0.00,0.00,0.00,0.00,0.00,0.00,0.00,0.00,0.00,0.00,0.00,0.00,0.00
,Water Systems,0.00,0.00,0.00,0.00,0.00,0.00,0.00,0.00,0.00,0.00,0.00,0.00,0.00
,Refrigeration,0.00,0.00,0.00,0.00,0.00,0.00,0.00,0.00,0.00,0.00,0.00,0.00,0.00
,Generators,0.00,0.00,0.00,0.00,0.00,0.00,0.00,0.00,0.00,0.00,0.00,0.00,0.00
,,,,,,,,,,,,,,
,Total End Uses,0.00,0.00,0.00,0.00,0.00,0.00,0.00,0.00,0.00,0.00,0.00,0.00,0.00


End Uses By Subcategory

,,Subcategory,Electricity [kWh],Natural Gas [kWh],Gasoline [kWh],Diesel [kWh],Coal [kWh],Fuel Oil No 1 [kWh],Fuel Oil No 2 [kWh],Propane [kWh],Other Fuel 1 [kWh],Other Fuel 2 [kWh],District Cooling [kWh],District Heating [kWh],Water [m3]
,Heating,General,0.00,0.00,0.00,0.00,0.00,0.00,0.00,0.00,0.00,0.00,0.00,0.00,0.00
,Cooling,General,0.00,0.00,0.00,0.00,0.00,0.00,0.00,0.00,0.00,0.00,0.00,0.00,0.00
,Interior Lighting,ELECTRIC EQUIPMENT#BLOCK1:ZONE1#GeneralLights,0.00,0.00,0.00,0.00,0.00,0.00,0.00,0.00,0.00,0.00,0.00,0.00,0.00
,Exterior Lighting,General,0.00,0.00,0.00,0.00,0.00,0.00,0.00,0.00,0.00,0.00,0.00,0.00,0.00
,Interior Equipment,General,0.00,0.00,0.00,0.00,0.00,0.00,0.00,0.00,0.00,0.00,0.00,0.00,0.00
,Exterior Equipment,General,0.00,0.00,0.00,0.00,0.00,0.00,0.00,0.00,0.00,0.00,0.00,0.00,0.00
,Fans,General,0.00,0.00,0.00,0.00,0.00,0.00,0.00,0.00,0.00,0.00,0.00,0.00,0.00
,Pumps,General,0.00,0.00,0.00,0.00,0.00,0.00,0.00,0.00,0.00,0.00,0.00,0.00,0.00
,Heat Rejection,General,0.00,0.00,0.00,0.00,0.00,0.00,0.00,0.00,0.00,0.00,0.00,0.00,0.00
,Humidification,General,0.00,0.00,0.00,0.00,0.00,0.00,0.00,0.00,0.00,0.00,0.00,0.00,0.00
,Heat Recovery,General,0.00,0.00,0.00,0.00,0.00,0.00,0.00,0.00,0.00,0.00,0.00,0.00,0.00
,Water Systems,General,0.00,0.00,0.00,0.00,0.00,0.00,0.00,0.00,0.00,0.00,0.00,0.00,0.00
,Refrigeration,General,0.00,0.00,0.00,0.00,0.00,0.00,0.00,0.00,0.00,0.00,0.00,0.00,0.00
,Generators,General,0.00,0.00,0.00,0.00,0.00,0.00,0.00,0.00,0.00,0.00,0.00,0.00,0.00


Normalized Metrics
Utility Use Per Conditioned Floor Area

,,Electricity Intensity [kWh/m2],Natural Gas Intensity [kWh/m2],Gasoline Intensity [kWh/m2],Diesel Intensity [kWh/m2],Coal Intensity [kWh/m2],Fuel Oil No 1 Intensity [kWh/m2],Fuel Oil No 2 Intensity [kWh/m2],Propane Intensity [kWh/m2],Other Fuel 1 Intensity [kWh/m2],Other Fuel 2 Intensity [kWh/m2],District Cooling Intensity [kWh/m2],District Heating Intensity [kWh/m2],Water Intensity [m3/m2]
,Lighting,0.00,0.00,0.00,0.00,0.00,0.00,0.00,0.00,0.00,0.00,0.00,0.00,0.00
,HVAC,0.00,0.00,0.00,0.00,0.00,0.00,0.00,0.00,0.00,0.00,0.00,0.00,0.00
,Other,0.00,0.00,0.00,0.00,0.00,0.00,0.00,0.00,0.00,0.00,0.00,0.00,0.00
,Total,0.00,0.00,0.00,0.00,0.00,0.00,0.00,0.00,0.00,0.00,0.00,0.00,0.00


Utility Use Per Total Floor Area

,,Electricity Intensity [kWh/m2],Natural Gas Intensity [kWh/m2],Gasoline Intensity [kWh/m2],Diesel Intensity [kWh/m2],Coal Intensity [kWh/m2],Fuel Oil No 1 Intensity [kWh/m2],Fuel Oil No 2 Intensity [kWh/m2],Propane Intensity [kWh/m2],Other Fuel 1 Intensity [kWh/m2],Other Fuel 2 Intensity [kWh/m2],District Cooling Intensity [kWh/m2],District Heating Intensity [kWh/m2],Water Intensity [m3/m2]
,Lighting,0.00,0.00,0.00,0.00,0.00,0.00,0.00,0.00,0.00,0.00,0.00,0.00,0.00
,HVAC,0.00,0.00,0.00,0.00,0.00,0.00,0.00,0.00,0.00,0.00,0.00,0.00,0.00
,Other,0.00,0.00,0.00,0.00,0.00,0.00,0.00,0.00,0.00,0.00,0.00,0.00,0.00
,Total,0.00,0.00,0.00,0.00,0.00,0.00,0.00,0.00,0.00,0.00,0.00,0.00,0.00


Electric Loads Satisfied

,,Electricity [kWh],Percent Electricity [%]
,Fuel-Fired Power Generation,0.000,
,High Temperature Geothermal*,0.000,
,Photovoltaic Power,0.000,
,Wind Power,0.000,
,Power Conversion,0.000,
,Net Decrease in On-Site Storage,0.000,
,Total On-Site Electric Sources,0.000,
,,,
,Electricity Coming From Utility,0.000,
,Surplus Electricity Going To Utility,0.000,
,Net Electricity From Utility,0.000,
,,,
,Total On-Site and Utility Electric Sources,0.000,
,Total Electricity End Uses,0.000,


On-Site Thermal Sources

,,Heat [kWh],Percent Heat [%]
,Water-Side Heat Recovery,0.00,
,Air to Air Heat Recovery for Cooling,0.00,
,Air to Air Heat Recovery for Heating,0.00,
,High-Temperature Geothermal*,0.00,
,Solar Water Thermal,0.00,
,Solar Air Thermal,0.00,
,Total On-Site Thermal Sources,0.00,


Water Source Summary

,,Water [m3],Percent Water [%]
,Rainwater Collection,0.00,-
,Condensate Collection,0.00,-
,Groundwater Well,0.00,-
,Total On Site Water Sources,0.00,-
,-,-,-
,Initial Storage,0.00,-
,Final Storage,0.00,-
,Change in Storage,0.00,-
,-,-,-
,Water Supplied by Utility,0.00,-
,-,-,-
,Total On Site, Change in Storage, and Utility Water Sources,0.00,-
,Total Water End Uses,0.00,-


Setpoint Not Met Criteria

,,Degrees [deltaC]
,Tolerance for Zone Heating Setpoint Not Met Time,0.20
,Tolerance for Zone Cooling Setpoint Not Met Time,0.20


Comfort and Setpoint Not Met Summary

,,Facility [Hours]
,Time Setpoint Not Met During Occupied Heating,0.00
,Time Setpoint Not Met During Occupied Cooling,0.00
,Time Not Comfortable Based on Simple ASHRAE 55-2004,0.00


Note 1: An asterisk (*) indicates that the feature is not yet implemented.
----------------------------------------------------------------------------------------------------
REPORT:,Input Verification and Results Summary
FOR:,Entire Facility
General

,,Value
,Program Version and Build,EnergyPlus, Version 9.4.0-998c4b761e, YMD=2025.09.03 14:02
,RunPeriod,WINTER DESIGN DAY IN UNTITLED (01-01:31-12)
,Weather File,
,Latitude [deg],52.45
,Longitude [deg],-1.7
,Elevation [m],99.00
,Time Zone,0.00
,North Axis Angle [deg],0.00
,Rotation for Appendix G [deg],0.00
,Hours Simulated [hrs],0.00


ENVELOPE
Window-Wall Ratio

,,Total,North (315 to 45 deg),East (45 to 135 deg),South (135 to 225 deg),West (225 to 315 deg)
,Gross Wall Area [m2],73.60,18.40,18.40,18.40,18.40
,Above Ground Wall Area [m2],73.60,18.40,18.40,18.40,18.40
,Window Opening Area [m2],0.00,0.00,0.00,0.00,0.00
,Gross Window-Wall Ratio [%],0.00,0.00,0.00,0.00,0.00
,Above Ground Window-Wall Ratio [%],0.00,0.00,0.00,0.00,0.00


Conditioned Window-Wall Ratio

,,Total,North (315 to 45 deg),East (45 to 135 deg),South (135 to 225 deg),West (225 to 315 deg)
,Gross Wall Area [m2],73.60,18.40,18.40,18.40,18.40
,Above Ground Wall Area [m2],73.60,18.40,18.40,18.40,18.40
,Window Opening Area [m2],0.00,0.00,0.00,0.00,0.00
,Gross Window-Wall Ratio [%],0.00,0.00,0.00,0.00,0.00
,Above Ground Window-Wall Ratio [%],0.00,0.00,0.00,0.00,0.00


Skylight-Roof Ratio

,,Total
,Gross Roof Area [m2],64.00
,Skylight Area [m2],0.00
,Skylight-Roof Ratio [%],0.00


PERFORMANCE
Zone Summary

,,Area [m2],Conditioned (Y/N),Part of Total Floor Area (Y/N),Volume [m3],Multipliers,Above Ground Gross Wall Area [m2],Underground Gross Wall Area [m2],Window Glass Area [m2],Opening Area [m2],Lighting [W/m2],People [m2 per person],Plug and Process [W/m2]
,BLOCK1:ZONE1,54.97,Yes,Yes,104.44,1.00,73.60,0.00,0.00,0.00,12.0000,,0.0000
,Total,54.97,,,104.44,,73.60,0.00,0.00,0.00,12.0000,,0.0000
,Conditioned Total,54.97,,,104.44,,73.60,0.00,0.00,0.00,12.0000,,0.0000
,Unconditioned Total,0.00,,,0.00,,0.00,0.00,0.00,0.00,,,
,Not Part of Total,0.00,,,0.00,,0.00,0.00,0.00,0.00,,,


----------------------------------------------------------------------------------------------------
REPORT:,Demand End Use Components Summary
FOR:,Entire Facility
End Uses

,,Electricity [W],Natural Gas [W],Gasoline [W],Diesel [W],Coal [W],Fuel Oil No 1 [W],Fuel Oil No 2 [W],Propane [W],Other Fuel 1 [W],Other Fuel 2 [W],District Cooling [W],Steam [W],Water [m3/s]
,Time of Peak,-,-,-,-,-,-,-,-,-,-,-,-,-
,Heating,0.00,0.00,0.00,0.00,0.00,0.00,0.00,0.00,0.00,0.00,0.00,0.00,0.00
,Cooling,0.00,0.00,0.00,0.00,0.00,0.00,0.00,0.00,0.00,0.00,0.00,0.00,0.00
,Interior Lighting,0.00,0.00,0.00,0.00,0.00,0.00,0.00,0.00,0.00,0.00,0.00,0.00,0.00
,Exterior Lighting,0.00,0.00,0.00,0.00,0.00,0.00,0.00,0.00,0.00,0.00,0.00,0.00,0.00
,Interior Equipment,0.00,0.00,0.00,0.00,0.00,0.00,0.00,0.00,0.00,0.00,0.00,0.00,0.00
,Exterior Equipment,0.00,0.00,0.00,0.00,0.00,0.00,0.00,0.00,0.00,0.00,0.00,0.00,0.00
,Fans,0.00,0.00,0.00,0.00,0.00,0.00,0.00,0.00,0.00,0.00,0.00,0.00,0.00
,Pumps,0.00,0.00,0.00,0.00,0.00,0.00,0.00,0.00,0.00,0.00,0.00,0.00,0.00
,Heat Rejection,0.00,0.00,0.00,0.00,0.00,0.00,0.00,0.00,0.00,0.00,0.00,0.00,0.00
,Humidification,0.00,0.00,0.00,0.00,0.00,0.00,0.00,0.00,0.00,0.00,0.00,0.00,0.00
,Heat Recovery,0.00,0.00,0.00,0.00,0.00,0.00,0.00,0.00,0.00,0.00,0.00,0.00,0.00
,Water Systems,0.00,0.00,0.00,0.00,0.00,0.00,0.00,0.00,0.00,0.00,0.00,0.00,0.00
,Refrigeration,0.00,0.00,0.00,0.00,0.00,0.00,0.00,0.00,0.00,0.00,0.00,0.00,0.00
,Generators,0.00,0.00,0.00,0.00,0.00,0.00,0.00,0.00,0.00,0.00,0.00,0.00,0.00
,,,,,,,,,,,,,,
,Total End Uses,0.00,0.00,0.00,0.00,0.00,0.00,0.00,0.00,0.00,0.00,0.00,0.00,0.00


End Uses By Subcategory

,,Subcategory,Electricity [W],Natural Gas [W],Gasoline [W],Diesel [W],Coal [W],Fuel Oil No 1 [W],Fuel Oil No 2 [W],Propane [W],Other Fuel 1 [W],Other Fuel 2 [W],District Cooling [W],Steam [W],Water [m3/s]
,Heating,General,0.00,0.00,0.00,0.00,0.00,0.00,0.00,0.00,0.00,0.00,0.00,0.00,0.00
,Cooling,General,0.00,0.00,0.00,0.00,0.00,0.00,0.00,0.00,0.00,0.00,0.00,0.00,0.00
,Interior Lighting,ELECTRIC EQUIPMENT#BLOCK1:ZONE1#GeneralLights,0.00,0.00,0.00,0.00,0.00,0.00,0.00,0.00,0.00,0.00,0.00,0.00,0.00
,Exterior Lighting,General,0.00,0.00,0.00,0.00,0.00,0.00,0.00,0.00,0.00,0.00,0.00,0.00,0.00
,Interior Equipment,General,0.00,0.00,0.00,0.00,0.00,0.00,0.00,0.00,0.00,0.00,0.00,0.00,0.00
,Exterior Equipment,General,0.00,0.00,0.00,0.00,0.00,0.00,0.00,0.00,0.00,0.00,0.00,0.00,0.00
,Fans,General,0.00,0.00,0.00,0.00,0.00,0.00,0.00,0.00,0.00,0.00,0.00,0.00,0.00
,Pumps,General,0.00,0.00,0.00,0.00,0.00,0.00,0.00,0.00,0.00,0.00,0.00,0.00,0.00
,Heat Rejection,General,0.00,0.00,0.00,0.00,0.00,0.00,0.00,0.00,0.00,0.00,0.00,0.00,0.00
,Humidification,General,0.00,0.00,0.00,0.00,0.00,0.00,0.00,0.00,0.00,0.00,0.00,0.00,0.00
,Heat Recovery,General,0.00,0.00,0.00,0.00,0.00,0.00,0.00,0.00,0.00,0.00,0.00,0.00,0.00
,Water Systems,General,0.00,0.00,0.00,0.00,0.00,0.00,0.00,0.00,0.00,0.00,0.00,0.00,0.00
,Refrigeration,General,0.00,0.00,0.00,0.00,0.00,0.00,0.00,0.00,0.00,0.00,0.00,0.00,0.00
,Generators,General,0.00,0.00,0.00,0.00,0.00,0.00,0.00,0.00,0.00,0.00,0.00,0.00,0.00


----------------------------------------------------------------------------------------------------
REPORT:,Source Energy End Use Components Summary
FOR:,Entire Facility
Values gathered over         0.00 hours
WARNING: THE REPORT DOES NOT REPRESENT A FULL ANNUAL SIMULATION.

Source Energy End Use Components Summary

,,Source Electricity [kWh],Source Natural Gas [kWh],Source Gasoline [kWh],Source Diesel [kWh],Source Coal [kWh],Source Fuel Oil No 1 [kWh],Source Fuel Oil No 2 [kWh],Source Propane [kWh],Source Other Fuel 1 [kWh],Source Other Fuel 2 [kWh],Source District Cooling [kWh],Source District Heating [kWh]
,Heating,0.00,0.00,0.00,0.00,0.00,0.00,0.00,0.00,0.00,0.00,0.00,0.00
,Cooling,0.00,0.00,0.00,0.00,0.00,0.00,0.00,0.00,0.00,0.00,0.00,0.00
,Interior Lighting,0.00,0.00,0.00,0.00,0.00,0.00,0.00,0.00,0.00,0.00,0.00,0.00
,Exterior Lighting,0.00,0.00,0.00,0.00,0.00,0.00,0.00,0.00,0.00,0.00,0.00,0.00
,Interior Equipment,0.00,0.00,0.00,0.00,0.00,0.00,0.00,0.00,0.00,0.00,0.00,0.00
,Exterior Equipment,0.00,0.00,0.00,0.00,0.00,0.00,0.00,0.00,0.00,0.00,0.00,0.00
,Fans,0.00,0.00,0.00,0.00,0.00,0.00,0.00,0.00,0.00,0.00,0.00,0.00
,Pumps,0.00,0.00,0.00,0.00,0.00,0.00,0.00,0.00,0.00,0.00,0.00,0.00
,Heat Rejection,0.00,0.00,0.00,0.00,0.00,0.00,0.00,0.00,0.00,0.00,0.00,0.00
,Humidification,0.00,0.00,0.00,0.00,0.00,0.00,0.00,0.00,0.00,0.00,0.00,0.00
,Heat Recovery,0.00,0.00,0.00,0.00,0.00,0.00,0.00,0.00,0.00,0.00,0.00,0.00
,Water Systems,0.00,0.00,0.00,0.00,0.00,0.00,0.00,0.00,0.00,0.00,0.00,0.00
,Refrigeration,0.00,0.00,0.00,0.00,0.00,0.00,0.00,0.00,0.00,0.00,0.00,0.00
,Generators,0.00,0.00,0.00,0.00,0.00,0.00,0.00,0.00,0.00,0.00,0.00,0.00
,,,,,,,,,,,,,
,Total Source Energy End Use Components,0.00,0.00,0.00,0.00,0.00,0.00,0.00,0.00,0.00,0.00,0.00,0.00


Normalized Metrics
Source Energy End Use Components Per Conditioned Floor Area

,,Source Electricity [kWh/m2],Source Natural Gas [kWh/m2],Source Gasoline [kWh/m2],Source Diesel [kWh/m2],Source Coal [kWh/m2],Source Fuel Oil No 1 [kWh/m2],Source Fuel Oil No 2 [kWh/m2],Source Propane [kWh/m2],Source Other Fuel 1 [kWh/m2],Source Other Fuel 2 [kWh/m2],Source District Cooling [kWh/m2],Source District Heating [kWh/m2]
,Heating,0.00,0.00,0.00,0.00,0.00,0.00,0.00,0.00,0.00,0.00,0.00,0.00
,Cooling,0.00,0.00,0.00,0.00,0.00,0.00,0.00,0.00,0.00,0.00,0.00,0.00
,Interior Lighting,0.00,0.00,0.00,0.00,0.00,0.00,0.00,0.00,0.00,0.00,0.00,0.00
,Exterior Lighting,0.00,0.00,0.00,0.00,0.00,0.00,0.00,0.00,0.00,0.00,0.00,0.00
,Interior Equipment,0.00,0.00,0.00,0.00,0.00,0.00,0.00,0.00,0.00,0.00,0.00,0.00
,Exterior Equipment,0.00,0.00,0.00,0.00,0.00,0.00,0.00,0.00,0.00,0.00,0.00,0.00
,Fans,0.00,0.00,0.00,0.00,0.00,0.00,0.00,0.00,0.00,0.00,0.00,0.00
,Pumps,0.00,0.00,0.00,0.00,0.00,0.00,0.00,0.00,0.00,0.00,0.00,0.00
,Heat Rejection,0.00,0.00,0.00,0.00,0.00,0.00,0.00,0.00,0.00,0.00,0.00,0.00
,Humidification,0.00,0.00,0.00,0.00,0.00,0.00,0.00,0.00,0.00,0.00,0.00,0.00
,Heat Recovery,0.00,0.00,0.00,0.00,0.00,0.00,0.00,0.00,0.00,0.00,0.00,0.00
,Water Systems,0.00,0.00,0.00,0.00,0.00,0.00,0.00,0.00,0.00,0.00,0.00,0.00
,Refrigeration,0.00,0.00,0.00,0.00,0.00,0.00,0.00,0.00,0.00,0.00,0.00,0.00
,Generators,0.00,0.00,0.00,0.00,0.00,0.00,0.00,0.00,0.00,0.00,0.00,0.00
,,,,,,,,,,,,,
,Total Source Energy End Use Components,0.00,0.00,0.00,0.00,0.00,0.00,0.00,0.00,0.00,0.00,0.00,0.00


Source Energy End Use Components Per Total Floor Area

,,Source Electricity [kWh/m2],Source Natural Gas [kWh/m2],Source Gasoline [kWh/m2],Source Diesel [kWh/m2],Source Coal [kWh/m2],Source Fuel Oil No 1 [kWh/m2],Source Fuel Oil No 2 [kWh/m2],Source Propane [kWh/m2],Source Other Fuel 1 [kWh/m2],Source Other Fuel 2 [kWh/m2],Source District Cooling [kWh/m2],Source District Heating [kWh/m2]
,Heating,0.00,0.00,0.00,0.00,0.00,0.00,0.00,0.00,0.00,0.00,0.00,0.00
,Cooling,0.00,0.00,0.00,0.00,0.00,0.00,0.00,0.00,0.00,0.00,0.00,0.00
,Interior Lighting,0.00,0.00,0.00,0.00,0.00,0.00,0.00,0.00,0.00,0.00,0.00,0.00
,Exterior Lighting,0.00,0.00,0.00,0.00,0.00,0.00,0.00,0.00,0.00,0.00,0.00,0.00
,Interior Equipment,0.00,0.00,0.00,0.00,0.00,0.00,0.00,0.00,0.00,0.00,0.00,0.00
,Exterior Equipment,0.00,0.00,0.00,0.00,0.00,0.00,0.00,0.00,0.00,0.00,0.00,0.00
,Fans,0.00,0.00,0.00,0.00,0.00,0.00,0.00,0.00,0.00,0.00,0.00,0.00
,Pumps,0.00,0.00,0.00,0.00,0.00,0.00,0.00,0.00,0.00,0.00,0.00,0.00
,Heat Rejection,0.00,0.00,0.00,0.00,0.00,0.00,0.00,0.00,0.00,0.00,0.00,0.00
,Humidification,0.00,0.00,0.00,0.00,0.00,0.00,0.00,0.00,0.00,0.00,0.00,0.00
,Heat Recovery,0.00,0.00,0.00,0.00,0.00,0.00,0.00,0.00,0.00,0.00,0.00,0.00
,Water Systems,0.00,0.00,0.00,0.00,0.00,0.00,0.00,0.00,0.00,0.00,0.00,0.00
,Refrigeration,0.00,0.00,0.00,0.00,0.00,0.00,0.00,0.00,0.00,0.00,0.00,0.00
,Generators,0.00,0.00,0.00,0.00,0.00,0.00,0.00,0.00,0.00,0.00,0.00,0.00
,,,,,,,,,,,,,
,Total Source Energy End Use Components,0.00,0.00,0.00,0.00,0.00,0.00,0.00,0.00,0.00,0.00,0.00,0.00


----------------------------------------------------------------------------------------------------
REPORT:,Component Sizing Summary
FOR:,Entire Facility
ZoneHVAC:IdealLoadsAirSystem

,,Design Size Maximum Heating Air Flow Rate [m3/s],Design Size Maximum Sensible Heating Capacity [W],User-Specified Maximum Cooling Air Flow Rate [m3/s]
,BLOCK1:ZONE1 IDEAL LOADS AIR,0.118710,2045.04,0.000000
User-Specified values were used. Design Size values were used if no User-Specified values were provided.


----------------------------------------------------------------------------------------------------
REPORT:,Surface Shadowing Summary
FOR:,Entire Facility
Surfaces (Walls, Roofs, etc) that may be Shadowed by Other Surfaces

,,None


Subsurfaces (Windows and Doors) that may be Shadowed by Surfaces

,,None


----------------------------------------------------------------------------------------------------
REPORT:,Initialization Summary
FOR:,Entire Facility
Version

,,Version ID
,1,9.4.0.002


Timesteps per Hour

,,#TimeSteps,Minutes per TimeStep {minutes}
,1,2,30


System Convergence Limits

,,Minimum System TimeStep {minutes},Max HVAC Iterations,Minimum Plant Iterations,Maximum Plant Iterations
,1,1,25,2,8


Simulation Control

,,Do Zone Sizing,Do System Sizing,Do Plant Sizing,Do Design Days,Do Weather Simulation,Do HVAC Sizing Simulation
,1,Yes,Yes,No,Yes,No,No


Performance Precision Tradeoffs

,,Use Coil Direct Simulation,Zone Radiant Exchange Algorithm,Override Mode,Number of Timestep In Hour,Force Euler Method,Minimum Number of Warmup Days,Force Suppress All Begin Environment Resets,Minimum System Timestep,MaxZoneTempDiff,MaxAllowedDelTemp
,1,No,ScriptF,Normal,2,No,1,No,1.0,0.300,2.0000E-003


Output Reporting Tolerances

,,Tolerance for Time Heating Setpoint Not Met,Tolerance for Zone Cooling Setpoint Not Met Time
,1,0.200,0.200


Site:GroundTemperature:BuildingSurface

,,Jan{C},Feb{C},Mar{C},Apr{C},May{C},Jun{C},Jul{C},Aug{C},Sep{C},Oct{C},Nov{C},Dec{C}
,1,18.00,18.00,18.00,18.00,18.00,18.00,18.00,18.00,18.00,18.00,18.00,18.00


Site:GroundTemperature:FCfactorMethod

,,Jan{C},Feb{C},Mar{C},Apr{C},May{C},Jun{C},Jul{C},Aug{C},Sep{C},Oct{C},Nov{C},Dec{C}
,1,6.20,4.12,3.56,4.05,6.86,10.00,12.96,15.10,15.73,14.72,12.30,9.24


Site:GroundTemperature:Shallow

,,Jan{C},Feb{C},Mar{C},Apr{C},May{C},Jun{C},Jul{C},Aug{C},Sep{C},Oct{C},Nov{C},Dec{C}
,1,14.00,14.00,14.00,14.00,14.00,14.00,14.00,14.00,14.00,14.00,14.00,14.00


Site:GroundTemperature:Deep

,,Jan{C},Feb{C},Mar{C},Apr{C},May{C},Jun{C},Jul{C},Aug{C},Sep{C},Oct{C},Nov{C},Dec{C}
,1,14.00,14.00,14.00,14.00,14.00,14.00,14.00,14.00,14.00,14.00,14.00,14.00


Site:GroundReflectance

,,Jan{dimensionless},Feb{dimensionless},Mar{dimensionless},Apr{dimensionless},May{dimensionless},Jun{dimensionless},Jul{dimensionless},Aug{dimensionless},Sep{dimensionless},Oct{dimensionless},Nov{dimensionless},Dec{dimensionless}
,1,0.20,0.20,0.20,0.20,0.20,0.20,0.20,0.20,0.20,0.20,0.20,0.20


Site:GroundReflectance:SnowModifier

,,Normal,Daylighting {dimensionless}
,1,1.000,1.000


Site:GroundReflectance:Snow

,,Jan{dimensionless},Feb{dimensionless},Mar{dimensionless},Apr{dimensionless},May{dimensionless},Jun{dimensionless},Jul{dimensionless},Aug{dimensionless},Sep{dimensionless},Oct{dimensionless},Nov{dimensionless},Dec{dimensionless}
,1,0.20,0.20,0.20,0.20,0.20,0.20,0.20,0.20,0.20,0.20,0.20,0.20


Site:GroundReflectance:Snow:Daylighting

,,Jan{dimensionless},Feb{dimensionless},Mar{dimensionless},Apr{dimensionless},May{dimensionless},Jun{dimensionless},Jul{dimensionless},Aug{dimensionless},Sep{dimensionless},Oct{dimensionless},Nov{dimensionless},Dec{dimensionless}
,1,0.20,0.20,0.20,0.20,0.20,0.20,0.20,0.20,0.20,0.20,0.20,0.20


Environment:Weather Station

,,Wind Sensor Height Above Ground {m},Wind Speed Profile Exponent {},Wind Speed Profile Boundary Layer Thickness {m},Air Temperature Sensor Height Above Ground {m},Wind Speed Modifier Coefficient-Internal,Temperature Modifier Coefficient-Internal
,1,10.000,0.140,270.000,1.500,1.586,9.750E-003


Site:Location

,,Location Name,Latitude {N+/S- Deg},Longitude {E+/W- Deg},Time Zone Number {GMT+/-},Elevation {m},Standard Pressure at Elevation {Pa},Standard RhoAir at Elevation
,1,UNTITLED (01-01:31-12)  (01-01:31-12),52.45,-1.73,0.00,99.00,100141,1.1902


Site Water Mains Temperature Information

,,Calculation Method{},Water Mains Temperature Schedule Name{},Annual Average Outdoor Air Temperature{C},Maximum Difference In Monthly Average Outdoor Air Temperatures{deltaC},Fixed Default Water Mains Temperature{C}
,1,FixedDefault,NA,NA,NA,10.0


Building Information

,,Building Name,North Axis {deg},Terrain,Loads Convergence Tolerance Value,Temperature Convergence Tolerance Value,Solar Distribution,Maximum Number of Warmup Days,Minimum Number of Warmup Days
,1,Building 1,0.000,Suburbs,4.00000E-002,0.40000,FullExterior,25,6


Inside Convection Algorithm

,,Algorithm {Simple
,,TARP
,,CeilingDiffuser
,,AdaptiveConvectionAlgorithm}
,1,TARP


Outside Convection Algorithm

,,Algorithm {SimpleCombined
,,TARP
,,MoWitt
,,DOE-2
,,AdaptiveConvectionAlgorithm}
,1,DOE-2


Sky Radiance Distribution

,,Value {Anisotropic}
,1,Anisotropic


Zone Air Solution Algorithm

,,Value {ThirdOrderBackwardDifference
,,AnalyticalSolution
,,EulerMethod}
,1,ThirdOrderBackwardDifference


Zone Air Carbon Dioxide Balance Simulation

,,Simulation {Yes/No},Carbon Dioxide Concentration
,1,No,N/A


Zone Air Generic Contaminant Balance Simulation

,,Simulation {Yes/No},Generic Contaminant Concentration
,1,No,N/A


Zone Air Mass Flow Balance Simulation

,,Enforce Mass Balance,Adjust Zone Mixing,Adjust Zone Infiltration {AddInfiltration,Infiltration Zones {MixingSourceZonesOnly
,,,,AdjustInfiltration,AllZones}
,,,,None},
,1,No,N/A,N/A,N/A


HVACSystemRootFindingAlgorithm

,,Value {RegulaFalsi
,,Bisection
,,BisectionThenRegulaFalsi
,,RegulaFalsiThenBisection}
,1,RegulaFalsi


Environment:Site Atmospheric Variation

,,Wind Speed Profile Exponent {},Wind Speed Profile Boundary Layer Thickness {m},Air Temperature Gradient Coefficient {K/m}
,1,0.220,370.000,6.500000E-003


Surface Geometry

,,Starting Corner,Vertex Input Direction,Coordinate System,Daylight Reference Point Coordinate System,Rectangular (Simple) Surface Coordinate System
,1,LowerLeftCorner,Counterclockwise,RelativeCoordinateSystem,RelativeCoordinateSystem,RelativeToZoneOrigin


Surface Heat Transfer Algorithm

,,Value {CTF - ConductionTransferFunction,Inside Surface Max Temperature Limit{C},Surface Convection Coefficient Lower Limit {W/m2-K},Surface Convection Coefficient Upper Limit {W/m2-K}
,,EMPD - MoisturePenetrationDepthConductionTransferFunction,,,
,,CondFD - ConductionFiniteDifference,,,
,,HAMT - CombinedHeatAndMoistureFiniteElement} - Description,,,
,1,CTF - ConductionTransferFunction,2000,1.00E-008,1000.0


Shading Summary

,,Number of Fixed Detached Shades,Number of Building Detached Shades,Number of Attached Shades
,1,0,0,0


Zone Summary

,,Number of Zones,Number of Zone Surfaces,Number of SubSurfaces
,1,1,6,0


Zone Information

,,Zone Name,North Axis {deg},Origin X-Coordinate {m},Origin Y-Coordinate {m},Origin Z-Coordinate {m},Centroid X-Coordinate {m},Centroid Y-Coordinate {m},Centroid Z-Coordinate {m},Type,Zone Multiplier,Zone List Multiplier,Minimum X {m},Maximum X {m},Minimum Y {m},Maximum Y {m},Minimum Z {m},Maximum Z {m},Ceiling Height {m},Volume {m3},Zone Inside Convection Algorithm {Simple-Detailed-CeilingDiffuser-TrombeWall},Zone Outside Convection Algorithm {Simple-Detailed-Tarp-MoWitt-DOE-2-BLAST},Floor Area {m2},Exterior Gross Wall Area {m2},Exterior Net Wall Area {m2},Exterior Window Area {m2},Number of Surfaces,Number of SubSurfaces,Number of Shading SubSurfaces,Part of Total Building Area
,1,BLOCK1:ZONE1,0.0,0.00,0.00,0.00,3.86,4.09,1.15,1,1,1,-0.14,7.86,8.80E-002,8.09,3.43E-007,2.30,2.30,104.44,TARP,DOE-2,54.97,73.60,73.60,0.00,6,0,0,Yes


Zone Internal Gains Nominal

,,Zone Name,Floor Area {m2},# Occupants,Area per Occupant {m2/person},Occupant per Area {person/m2},Interior Lighting {W/m2},Electric Load {W/m2},Gas Load {W/m2},Other Load {W/m2},Hot Water Eq {W/m2},Steam Equipment {W/m2},Sum Loads per Area {W/m2},Outdoor Controlled Baseboard Heat
,1,BLOCK1:ZONE1,54.97,0.0,N/A,0.000,12.000,0.000,0.000,0.000,0.000,0.000,12.000,No


Lights Internal Gains Nominal

,,Name,Schedule Name,Zone Name,Zone Floor Area {m2},# Zone Occupants,Lighting Level {W},Lights/Floor Area {W/m2},Lights per person {W/person},Fraction Return Air,Fraction Radiant,Fraction Short Wave,Fraction Convected,Fraction Replaceable,End-Use Category,Nominal Minimum Lighting Level {W},Nominal Maximum Lighting Level {W}
,1,BLOCK1:ZONE1 GENERAL LIGHTING,DWELL_DOMCIRCULATION_LIGHT,BLOCK1:ZONE1,54.97,0.0,659.609,12.000,N/A,0.000,0.420,0.180,0.400,1.000,ELECTRIC EQUIPMENT#BLOCK1:ZONE1#GeneralLights,0.000,659.609


Solar View Factor Check Values

,,Zone/Enclosure Name,Original Check Value,Calculated Fixed Check Value,Final Check Value,Number of Iterations,Fixed RowSum Convergence,Used RowSum Convergence
,1,BLOCK1:ZONE1,8.881784E-016,8.998505E-004,8.998505E-004,12,8.998505E-004,8.998505E-004


Construction CTF

,,Construction Name,Index,#Layers,#CTFs,Time Step {hours},ThermalConductance {w/m2-K},OuterThermalAbsorptance,InnerThermalAbsorptance,OuterSolarAbsorptance,InnerSolarAbsorptance,Roughness
,1,PROJECT GROUND FLOOR,3,4,10,0.500,0.2633,0.900,0.900,0.600,0.780,Rough
,2,PROJECT FLAT ROOF,5,4,5,0.500,0.2583,0.900,0.900,0.850,0.500,Rough
,3,PROJECT WALL,7,4,10,0.500,0.3703,0.900,0.900,0.700,0.500,Rough


Material CTF Summary

,,Material Name,Thickness {m},Conductivity {w/m-K},Density {kg/m3},Specific Heat {J/kg-K},ThermalResistance {m2-K/w}
,1,UREA FORMALDEHYDE FOAM_.133,0.1330,0.040,10.000,1400.000,3.325
,2,CAST CONCRETE_.1,0.1000,1.130,2000.000,1000.000,0.8850E-01
,3,FLOOR/ROOF SCREED_.07,0.0700,0.410,1200.000,840.000,0.1707
,4,TIMBER FLOORING_.03,0.0300,0.140,650.000,1200.000,0.2143
,5,ASPHALT 1_.01,0.0100,0.700,2100.000,1000.000,0.1429E-01
,6,MW GLASS WOOL (ROLLS)_.145,0.1450,0.040,12.000,840.000,3.625
,7,3_RVAL_3,0.0000,0.000,0.000,0.000,0.1800
,8,PLASTERBOARD_.013,0.0130,0.250,2800.000,896.000,0.5200E-01
,9,BRICKWORK OUTER_.1,0.1000,0.840,1700.000,800.000,0.1190
,10,XPS EXTRUDED POLYSTYRENE  - CO2 BLOWING_.08,0.0800,0.034,35.000,1400.000,2.353
,11,CONCRETE BLOCK (MEDIUM)_.1,0.1000,0.510,1400.000,1000.000,0.1961
,12,GYPSUM PLASTERING_.013,0.0130,0.400,1000.000,1000.000,0.3250E-01


CTF

,,Time,Outside,Cross,Inside,Flux (except final one)
,1,10,0.15669594E-13,0.11005924E-14,0.22715823E-12,-0.44315302E-15
,2,9,-0.59955136E-10,0.17278566E-11,-0.82349582E-09,0.26967763E-12
,3,8,0.50136807E-07,0.11468499E-08,0.77345520E-06,-0.83470755E-09
,4,7,-0.88619214E-05,0.18645167E-06,-0.15574120E-03,0.62510473E-06
,5,6,0.58330607E-03,0.80705036E-05,0.94401715E-02,-0.85941009E-04
,6,5,-0.15704375E-01,0.10000154E-03,-0.22160865,0.37859422E-02
,7,4,0.16805204,0.36343293E-03,2.3015400,-0.67097358E-01
,8,3,-0.76402808,0.36711235E-03,-10.700207,0.51588014
,9,2,1.6348873,0.83874109E-04,23.352913,-1.6601678
,10,1,-1.6298456,0.22791507E-05,-23.274720,2.2041709
,11,0,0.60698918,0.30342723E-09,8.5337230,
,12,5,-0.36316673E-13,0.10293505E-14,-0.65266510E-13,0.28726470E-15
,13,4,0.60679067E-06,0.74888198E-08,0.15444919E-06,-0.22702205E-13
,14,3,-0.43865745E-01,0.22106263E-03,-0.10268260E-01,0.57787313E-07
,15,2,1.6236117,0.29334522E-01,1.1212236,-0.37766485E-02
,16,1,-13.509049,0.15652240,-17.998120,0.13405308
,17,0,12.153963,0.38582131E-01,17.111825,
,18,10,0.11546034E-10,0.75590662E-13,0.68046478E-10,-0.10514832E-13
,19,9,-0.14052343E-07,0.86284138E-10,-0.57642606E-07,0.20729180E-10
,20,8,0.70196220E-05,0.27271673E-07,0.16784349E-04,-0.15561020E-07
,21,7,-0.11208258E-02,0.25547914E-05,-0.18578375E-02,0.39296028E-05
,22,6,0.55807644E-01,0.73555367E-04,0.68891717E-01,-0.37075521E-03
,23,5,-1.0949737,0.67169734E-03,-1.0676537,0.10801451E-01
,24,4,9.3522796,0.19461443E-02,8.0339951,-0.13112165
,25,3,-38.047975,0.16703154E-02,-30.825171,0.74109784
,26,2,76.552765,0.34325145E-03,59.436729,-1.9700020
,27,1,-72.209084,0.90860139E-05,-54.648173,2.3368536
,28,0,25.397012,0.19914093E-08,19.007940,


Shadowing/Sun Position Calculations Annual Simulations

,,Shading Calculation Method,Shading Calculation Update Frequency Method,Shading Calculation Update Frequency {days},Maximum Figures in Shadow Overlap Calculations {},Polygon Clipping Algorithm,Pixel Counting Resolution,Sky Diffuse Modeling Algorithm,Output External Shading Calculation Results,Disable Self-Shading Within Shading Zone Groups,Disable Self-Shading From Shading Zone Groups to Other Zones
,1,PolygonClipping,Periodic,20,15000,SutherlandHodgman,512,SimpleSkyDiffuseModeling,No,No,No


Surface View Factor Check Values

,,Zone/Enclosure Name,Original Check Value,Calculated Fixed Check Value,Final Check Value,Number of Iterations,Fixed RowSum Convergence,Used RowSum Convergence
,1,BLOCK1:ZONE1,8.881784E-016,8.998505E-004,8.998505E-004,12,8.998505E-004,8.998505E-004


Surface Convection Parameters

,,Surface Name,Outside Model Assignment,Outside Area [m2],Outside Perimeter [m],Outside Height [m],Inside Model Assignment,Inside Height [m],Inside Perimeter Envelope [m],Inside Hydraulic Diameter [m],Window Wall Ratio,Window Location,Near Radiant {Yes/No},Has Active HVAC {Yes/No}
,1,BLOCK1:ZONE1_WALL_2_0_0,0,18.40,27.16,2.30,0,2.30,32.00,6.87,0.00,0,No,No
,2,BLOCK1:ZONE1_WALL_3_0_0,0,18.40,27.35,2.30,0,2.30,32.00,6.87,0.00,0,No,No
,3,BLOCK1:ZONE1_WALL_4_0_0,0,18.40,20.78,2.30,0,2.30,32.00,6.87,0.00,0,No,No
,4,BLOCK1:ZONE1_WALL_5_0_0,0,18.40,20.60,2.30,0,2.30,32.00,6.87,0.00,0,No,No
,5,BLOCK1:ZONE1_GROUNDFLOOR_0_0_0,0,0.00,0.00,0.00,0,2.30,32.00,6.87,0.00,0,No,No
,6,BLOCK1:ZONE1_ROOF_1_0_0,0,64.00,32.00,0.00,0,2.30,32.00,6.87,0.00,0,No,No


Building Convection Parameters:North Facade

,,Perimeter,Height,Xmin,Xmax,Ymin,Ymax,Zmin,Zmax
,1,27.35,2.30,-0.14,7.86,0.00,8.09,0.00,2.30


Building Convection Parameters:Northeast Facade

,,Perimeter,Height,Xmin,Xmax,Ymin,Ymax,Zmin,Zmax
,1,0.00,0.00,0.00,0.00,0.00,0.00,0.00,0.00


Building Convection Parameters:East Facade

,,Perimeter,Height,Xmin,Xmax,Ymin,Ymax,Zmin,Zmax
,1,27.16,2.30,0.00,7.86,0.00,8.09,0.00,2.30


Building Convection Parameters:Southeast Facade

,,Perimeter,Height,Xmin,Xmax,Ymin,Ymax,Zmin,Zmax
,1,0.00,0.00,0.00,0.00,0.00,0.00,0.00,0.00


Building Convection Parameters:South Facade

,,Perimeter,Height,Xmin,Xmax,Ymin,Ymax,Zmin,Zmax
,1,20.60,2.30,-0.14,7.86,0.00,8.80E-002,0.00,2.30


Building Convection Parameters:Southwest Facade

,,Perimeter,Height,Xmin,Xmax,Ymin,Ymax,Zmin,Zmax
,1,0.00,0.00,0.00,0.00,0.00,0.00,0.00,0.00


Building Convection Parameters:West Facade

,,Perimeter,Height,Xmin,Xmax,Ymin,Ymax,Zmin,Zmax
,1,20.78,2.30,-0.14,0.00,0.00,8.09,0.00,2.30


Building Convection Parameters:Roof

,,Area [m2],Perimeter [m],Height [m],XdYdZd:X,XdYdZd:Y,XdYdZd:Z,XdYdZu:X,XdYdZu:Y,XdYdZu:Z,XdYuZd:X,XdYuZd:Y,XdYuZd:Z,XdYuZu:X,XdYuZu:Y,XdYuZu:Z,XuYdZd:X,XuYdZd:Y,XuYdZd:Z,XuYuZd:X,XuYuZd:Y,XuYuZd:Z,XuYdZu:X,XuYdZu:Y,XuYdZu:Z,XuYuZu:X,XuYuZu:Y,XuYuZu:Z
,1,64.00,32.00,0.00,-0.141,8.796E-002,2.300,-0.141,8.796E-002,2.300,-0.141,8.088,2.300,-0.141,8.088,2.300,7.859,8.796E-002,2.300,7.859,8.088,2.300,7.859,8.796E-002,2.300,7.859,8.088,2.300


RoomAir Model

,,Zone Name,Mixing/Mundt/UCSDDV/UCSDCV/UCSDUFI/UCSDUFE/User Defined
,1,BLOCK1:ZONE1,Mixing/Well-Stirred


AirflowNetwork Model:Control

,,No Multizone or Distribution/Multizone with Distribution/Multizone without Distribution/Multizone with Distribution only during Fan Operation
,1,NoMultizoneOrDistribution


Zone Volume Capacitance Multiplier

,,Sensible Heat Capacity Multiplier,Moisture Capacity Multiplier,Carbon Dioxide Capacity Multiplier,Generic Contaminant Capacity Multiplier
,1,1.000,1.000,1.000,1.000


Load Timesteps in Zone Design Calculation Averaging Window

,,Value
,1,2


Heating Sizing Factor Information

,,Sizing Factor ID,Value
,1,Global,1.2500
,2,Zone BLOCK1:ZONE1,1.8000


Cooling Sizing Factor Information

,,Sizing Factor ID,Value
,1,Global,1.1500
,2,Zone BLOCK1:ZONE1,1.3000


Zone Sizing Information

,,Zone Name,Load Type,Calc Des Load {W},User Des Load {W},Calc Des Air Flow Rate {m3/s},User Des Air Flow Rate {m3/s},Design Day Name,Date/Time of Peak,Temperature at Peak {C},Humidity Ratio at Peak {kgWater/kgDryAir},Floor Area {m2},# Occupants,Calc Outdoor Air Flow Rate {m3/s},Calc DOAS Heat Addition Rate {W}
,1,BLOCK1:ZONE1,Heating,1136.13270,2045.03887,6.59498E-002,0.11871,WINTER DESIGN DAY IN UNTITLED (01-01:31-12),1/15 24:00:00,-5.10000,2.48400E-003,54.96740,0.00000,0.00000,0.00000


Component Sizing Information

,,Component Type,Component Name,Input Field Description,Value
,1,ZoneHVAC:IdealLoadsAirSystem,BLOCK1:ZONE1 IDEAL LOADS AIR,Design Size Maximum Heating Air Flow Rate [m3/s],0.11871
,2,ZoneHVAC:IdealLoadsAirSystem,BLOCK1:ZONE1 IDEAL LOADS AIR,Design Size Maximum Sensible Heating Capacity [W],2045.03887
,3,ZoneHVAC:IdealLoadsAirSystem,BLOCK1:ZONE1 IDEAL LOADS AIR,User-Specified Maximum Cooling Air Flow Rate [m3/s],0.00000


Zone Surfaces

,,Zone Name,# Surfaces
,1,BLOCK1:ZONE1,6


HeatTransfer Surface

,,Surface Name,Surface Class,Base Surface,Heat Transfer Algorithm,Construction,Nominal U (w/o film coefs) {W/m2-K},Nominal U (with film coefs) {W/m2-K},Solar Diffusing,Area (Net) {m2},Area (Gross) {m2},Area (Sunlit Calc) {m2},Azimuth {deg},Tilt {deg},~Width {m},~Height {m},Reveal {m},ExtBoundCondition,ExtConvCoeffCalc,IntConvCoeffCalc,SunExposure,WindExposure,ViewFactorToGround,ViewFactorToSky,ViewFactorToGround-IR,ViewFactorToSky-IR,#Sides
,1,BLOCK1:ZONE1_WALL_2_0_0,Wall,,CTF - ConductionTransferFunction,PROJECT WALL,0.370,0.351,,18.40,18.40,18.40,90.00,90.00,8.00,2.30,0.00,ExternalEnvironment,DOE-2,ASHRAETARP,SunExposed,WindExposed,0.50,0.50,0.50,0.50,4
,2,BLOCK1:ZONE1_WALL_3_0_0,Wall,,CTF - ConductionTransferFunction,PROJECT WALL,0.370,0.351,,18.40,18.40,18.40,0.00,90.00,8.00,2.30,0.00,ExternalEnvironment,DOE-2,ASHRAETARP,SunExposed,WindExposed,0.50,0.50,0.50,0.50,4
,3,BLOCK1:ZONE1_WALL_4_0_0,Wall,,CTF - ConductionTransferFunction,PROJECT WALL,0.370,0.351,,18.40,18.40,18.40,270.00,90.00,8.00,2.30,0.00,ExternalEnvironment,DOE-2,ASHRAETARP,SunExposed,WindExposed,0.50,0.50,0.50,0.50,4
,4,BLOCK1:ZONE1_WALL_5_0_0,Wall,,CTF - ConductionTransferFunction,PROJECT WALL,0.370,0.351,,18.40,18.40,18.40,180.00,90.00,8.00,2.30,0.00,ExternalEnvironment,DOE-2,ASHRAETARP,SunExposed,WindExposed,0.50,0.50,0.50,0.50,4
,5,BLOCK1:ZONE1_GROUNDFLOOR_0_0_0,Floor,,CTF - ConductionTransferFunction,PROJECT GROUND FLOOR,0.263,0.247,,64.00,64.00,64.00,7.61E-007,180.00,8.00,8.00,0.00,Ground,N/A-Ground,ASHRAETARP,NoSun,NoWind,1.00,0.00,1.00,0.00,4
,6,BLOCK1:ZONE1_ROOF_1_0_0,Roof,,CTF - ConductionTransferFunction,PROJECT FLAT ROOF,0.258,0.246,,64.00,64.00,64.00,180.00,0.00,8.00,8.00,0.00,ExternalEnvironment,DOE-2,ASHRAETARP,SunExposed,WindExposed,0.00,1.00,0.00,1.00,4


Environment

,,Environment Name,Environment Type,Start Date,End Date,Start DayOfWeek,Duration {#days},Source:Start DayOfWeek,Use Daylight Saving,Use Holidays,Apply Weekend Holiday Rule,Use Rain Values,Use Snow Values,Sky Temperature Model
,1,SUMMER DESIGN DAY IN UNTITLED (01-01:31-12) JUN,SizingPeriod:DesignDay,06/15,06/15,SummerDesignDay,1,N/A,N/A,N/A,N/A,N/A,N/A,Clark and Allen
,2,WINTER DESIGN DAY IN UNTITLED (01-01:31-12),SizingPeriod:DesignDay,01/15,01/15,WinterDesignDay,1,N/A,N/A,N/A,N/A,N/A,N/A,Clark and Allen


Environment:Daylight Saving

,,Daylight Saving Indicator,Source,Start Date,End Date
,1,Yes,SizingPeriod:DesignDay,06/15,06/15
,2,No,SizingPeriod:DesignDay,,


Environment:WarmupDays

,,NumberofWarmupDays
,1,10
,2,6


Environment:Design Day Data

,,Max Dry-Bulb Temp {C},Temp Range {dC},Temp Range Ind Type,Hum Ind Type,Hum Ind Value at Max Temp,Hum Ind Units,Pressure {Pa},Wind Direction {deg CW from N},Wind Speed {m/s},Clearness,Rain,Snow
,1,26.20,9.20,DefaultMultipliers,Wetbulb,17.80,{C},100141,0,0.0,0.98,No,No
,2,-5.10,0.00,DefaultMultipliers,Wetbulb,-5.10,{C},100141,160,1.7,0.00,No,No


Environment:Design Day Misc

,,DayOfYear,ASHRAE A Coeff,ASHRAE B Coeff,ASHRAE C Coeff,Solar Constant-Annual Variation,Eq of Time {minutes},Solar Declination Angle {deg},Solar Model
,1,166,1090.0,0.2028,0.1319,1.0,-4.94E-002,23.3,ASHRAEClearSky
,2,15,1230.6,0.1413,5.6936E-002,1.0,-9.21,-21.3,ASHRAEClearSky


Warmup Convergence Information

,,Zone Name,Environment Type/Name,Average Warmup Temperature Difference {deltaC},Std Dev Warmup Temperature Difference {deltaC},Max Temperature Pass/Fail Convergence,Min Temperature Pass/Fail Convergence,Average Warmup Load Difference {W},Std Dev Warmup Load Difference {W},Heating Load Pass/Fail Convergence,Cooling Load Pass/Fail Convergence
,1,BLOCK1:ZONE1,SizingPeriod: SUMMER DESIGN DAY IN UNTITLED (01-01:31-12) JUN,0.1623339587,0.2490248546,Pass,Pass,0.0000000000,0.0000000000,Pass,Pass
,2,BLOCK1:ZONE1,SizingPeriod: WINTER DESIGN DAY IN UNTITLED (01-01:31-12),2.9605947323E-015,2.6480364301E-015,Pass,Pass,1.4997341876E-004,2.5977288739E-005,Pass,Pass


----------------------------------------------------------------------------------------------------
REPORT:,Annual Heat Emissions Summary
FOR:,Entire Facility
Heat Emission by Components

,,Envelope Convection,Zone Exfiltration,Zone Exhaust Air,HVAC Relief Air,HVAC Reject Heat,Total
,Heat Emissions [GJ],0.00,0.00,0.00,0.00,0.00,0.00


----------------------------------------------------------------------------------------------------
REPORT:,Climatic Data Summary
FOR:,Entire Facility
SizingPeriod:DesignDay

,,Maximum Dry Bulb [C],Daily Temperature Range [deltaC],Humidity Value,Humidity Type,Wind Speed [m/s],Wind Direction
,SUMMER DESIGN DAY IN UNTITLED (01-01:31-12) JUN,26.20,9.20,17.80,Wetbulb [C],0.00,0.00
,WINTER DESIGN DAY IN UNTITLED (01-01:31-12),-5.10,0.00,-5.10,Wetbulb [C],1.70,160.00


Weather Statistics File

,,Value
,None,


----------------------------------------------------------------------------------------------------
REPORT:,Envelope Summary
FOR:,Entire Facility
Opaque Exterior

,,Construction,Reflectance,U-Factor with Film [W/m2-K],U-Factor no Film [W/m2-K],Gross Area [m2],Net Area [m2],Azimuth [deg],Tilt [deg],Cardinal Direction
,BLOCK1:ZONE1_WALL_2_0_0,PROJECT WALL,0.30,0.351,0.370,18.40,18.40,90.00,90.00,E
,BLOCK1:ZONE1_WALL_3_0_0,PROJECT WALL,0.30,0.351,0.370,18.40,18.40,0.00,90.00,N
,BLOCK1:ZONE1_WALL_4_0_0,PROJECT WALL,0.30,0.351,0.370,18.40,18.40,270.00,90.00,W
,BLOCK1:ZONE1_WALL_5_0_0,PROJECT WALL,0.30,0.351,0.370,18.40,18.40,180.00,90.00,S
,BLOCK1:ZONE1_GROUNDFLOOR_0_0_0,PROJECT GROUND FLOOR,0.40,0.252,0.263,64.00,64.00,0.00,180.00,
,BLOCK1:ZONE1_ROOF_1_0_0,PROJECT FLAT ROOF,0.15,0.249,0.258,64.00,64.00,180.00,0.00,


Opaque Interior

,,Construction,Reflectance,U-Factor with Film [W/m2-K],U-Factor no Film [W/m2-K],Gross Area [m2],Net Area [m2],Azimuth [deg],Tilt [deg],Cardinal Direction
,None,,,,,,,,,


Exterior Fenestration

,,Construction,Glass Area [m2],Frame Area [m2],Divider Area [m2],Area of One Opening [m2],Area of Multiplied Openings [m2],Glass U-Factor [W/m2-K],Glass SHGC,Glass Visible Transmittance,Frame Conductance [W/m2-K],Divider Conductance [W/m2-K],Shade Control,Parent Surface,Azimuth [deg],Tilt [deg],Cardinal Direction
,Total or Average,,,,,,0.00,-,-,-,,,,,,,
,North Total or Average,,,,,,0.00,-,-,-,,,,,,,
,Non-North Total or Average,,,,,,0.00,-,-,-,,,,,,,


Interior Fenestration

,,Construction,Area of One Opening [m2],Area of Openings [m2],Glass U-Factor [W/m2-K],Glass SHGC,Glass Visible Transmittance,Parent Surface
,Total or Average,,,0.00,-,-,-,


Exterior Door

,,Construction,U-Factor with Film [W/m2-K],U-Factor no Film [W/m2-K],Gross Area [m2],Parent Surface
,None,,,,,


Interior Door

,,Construction,U-Factor with Film [W/m2-K],U-Factor no Film [W/m2-K],Gross Area [m2],Parent Surface
,None,,,,,


----------------------------------------------------------------------------------------------------
REPORT:,Shading Summary
FOR:,Entire Facility
Sunlit Fraction

,,March 21 9am,March 21 noon,March 21 3pm,June 21 9am,June 21 noon,June 21 3pm,December 21 9am,December 21 noon,December 21 3pm
,None,,,,,,,,,


Window Control

,,Name,Type,Shaded Construction,Control,Glare Control
,None,,,,,


----------------------------------------------------------------------------------------------------
REPORT:,Lighting Summary
FOR:,Entire Facility
Interior Lighting

,,Zone,Lighting Power Density [W/m2],Zone Area [m2],Total Power [W],End Use Subcategory,Schedule Name,Scheduled Hours/Week [hr],Hours/Week > 1% [hr],Full Load Hours/Week [hr],Return Air Fraction,Conditioned (Y/N),Consumption [kWh]
,BLOCK1:ZONE1 GENERAL LIGHTING,BLOCK1:ZONE1,12.0000,54.97,659.61,ELECTRIC EQUIPMENT#BLOCK1:ZONE1#GeneralLights,DWELL_DOMCIRCULATION_LIGHT,68.95,,,0.0000,Y,0.00
,Interior Lighting Total,,12.0000,54.97,659.61,,,,,,,,0.00


Daylighting

,,Zone,Control Name,Daylighting Method,Control Type,Fraction Controlled,Lighting Installed in Zone [W],Lighting Controlled [W]
,None,,,,,,,


Exterior Lighting

,,Total Watts,Astronomical Clock/Schedule,Schedule Name,Scheduled Hours/Week [hr],Hours/Week > 1% [hr],Full Load Hours/Week [hr],Consumption [kWh]
,Exterior Lighting Total,0.00,,,,,,0.00


----------------------------------------------------------------------------------------------------
REPORT:,Equipment Summary
FOR:,Entire Facility
Central Plant

,,Type,Nominal Capacity [W],Nominal Efficiency [W/W],IPLV in SI Units [W/W],IPLV in IP Units [Btu/W-h]
,None,,,,,


Cooling Coils

,,Type,Design Coil Load [W],Nominal Total Capacity [W],Nominal Sensible Capacity [W],Nominal Latent Capacity [W],Nominal Sensible Heat Ratio,Nominal Efficiency [W/W],Nominal Coil UA Value [W/C],Nominal Coil Surface Area [m2]
,None,,,,,,,,,


DX Cooling Coils

,,DX Cooling Coil Type,Standard Rated Net Cooling Capacity [W],Standard Rated Net COP [W/W],EER [Btu/W-h],SEER User [Btu/W-h],SEER Standard [Btu/W-h],IEER [Btu/W-h]
,None,,,,,,,


DX Cooling Coil ASHRAE 127 Standard Ratings Report

,,DX Cooling Coil Type,Rated Net Cooling Capacity Test A [W],Rated Electric Power Test A [W],Rated Net Cooling Capacity Test B [W],Rated Electric Power Test B [W],Rated Net Cooling Capacity Test C [W],Rated Electric Power Test C [W],Rated Net Cooling Capacity Test D [W],Rated Electric Power Test D [W]
,None,,,,,,,,,


DX Heating Coils

,,DX Heating Coil Type,High Temperature Heating (net) Rating Capacity [W],Low Temperature Heating (net) Rating Capacity [W],HSPF [Btu/W-h],Region Number
,None,,,,,


Heating Coils

,,Type,Design Coil Load [W],Nominal Total Capacity [W],Nominal Efficiency [W/W]
,None,,,,


Fans

,,Type,Total Efficiency [W/W],Delta Pressure [pa],Max Air Flow Rate [m3/s],Rated Electricity Rate [W],Rated Power Per Max Air Flow Rate [W-s/m3],Motor Heat In Air Fraction,Fan Energy Index,End Use Subcategory,Design Day Name for Fan Sizing Peak,Date/Time for Fan Sizing Peak
,None,,,,,,,,,,,


Pumps

,,Type,Control,Head [pa],Water Flow [m3/s],Electricity Rate [W],Power Per Water Flow Rate [W-s/m3],Motor Efficiency [W/W],End Use Subcategory
,None,,,,,,,,


Service Water Heating

,,Type,Storage Volume [m3],Input [W],Thermal Efficiency [W/W],Recovery Efficiency [W/W],Energy Factor
,None,,,,,,


----------------------------------------------------------------------------------------------------
REPORT:,HVAC Sizing Summary
FOR:,Entire Facility
Zone Sensible Cooling

,,Calculated Design Load [W],User Design Load [W],User Design Load per Area [W/m2],Calculated Design Air Flow [m3/s],User Design Air Flow [m3/s],Design Day Name,Date/Time Of Peak {TIMESTAMP},Thermostat Setpoint Temperature at Peak Load [C],Indoor Temperature at Peak Load [C],Indoor Humidity Ratio at Peak Load [kgWater/kgDryAir],Outdoor Temperature at Peak Load [C],Outdoor Humidity Ratio at Peak Load [kgWater/kgDryAir],Minimum Outdoor Air Flow Rate [m3/s],Heat Gain Rate from DOAS [W]
,BLOCK1:ZONE1,0.0,0.0,0.0,0.0,0.0,N/A,N/A,0.0,0.0,0.0,0.0,0.0,0.0,0.0
The Design Load is the zone sensible load only. It does not include any system effects or ventilation loads.


Zone Sensible Heating

,,Calculated Design Load [W],User Design Load [W],User Design Load per Area [W/m2],Calculated Design Air Flow [m3/s],User Design Air Flow [m3/s],Design Day Name,Date/Time Of Peak {TIMESTAMP},Thermostat Setpoint Temperature at Peak Load [C],Indoor Temperature at Peak Load [C],Indoor Humidity Ratio at Peak Load [kgWater/kgDryAir],Outdoor Temperature at Peak Load [C],Outdoor Humidity Ratio at Peak Load [kgWater/kgDryAir],Minimum Outdoor Air Flow Rate [m3/s],Heat Gain Rate from DOAS [W]
,BLOCK1:ZONE1,1136.13,2045.04,37.20,0.066,0.119,WINTER DESIGN DAY IN UNTITLED (01-01:31-12),1/15 24:00:00,21.00,21.00,0.01560,-5.10,0.00248,0.000,0.00
The Design Load is the zone sensible load only. It does not include any system effects or ventilation loads.


System Design Air Flow Rates

,,Calculated cooling [m3/s],User cooling [m3/s],Calculated heating [m3/s],User heating [m3/s],Adjusted cooling [m3/s],Adjusted heating [m3/s],Adjusted main [m3/s],Calculated Heating Air Flow Ratio [],User Heating Air Flow Ratio []
,None,,,,,,,,,


Plant Loop Coincident Design Fluid Flow Rate Adjustments

,,Previous Design Volume Flow Rate [m3/s],Algorithm Volume Flow Rate [m3/s],Coincident Design Volume Flow Rate [m3/s],Coincident Size Adjusted,Peak Sizing Period Name,Peak Day into Period {TIMESTAMP}[day],Peak Hour Of Day {TIMESTAMP}[hr],Peak Step Start Minute {TIMESTAMP}[min]
,None,,,,,,,,


Coil Sizing Summary

,,Coil Type,HVAC Type,HVAC Name,Coil Final Gross Total Capacity [W],Coil Final Gross Sensible Capacity [W],Coil Final Reference Air Volume Flow Rate [m3/s],Coil Final Reference Plant Fluid Volume Flow Rate [m3/s],Coil U-value Times Area Value [W/K],Design Day Name at Sensible Ideal Loads Peak,Date/Time at Sensible Ideal Loads Peak,Design Day Name at Air Flow Ideal Loads Peak,Date/Time at Air Flow Ideal Loads Peak,Coil Total Capacity at Ideal Loads Peak [W],Coil Sensible Capacity at Ideal Loads Peak [W],Coil Air Volume Flow Rate at Ideal Loads Peak [m3/s],Coil Entering Air Drybulb at Ideal Loads Peak [C],Coil Entering Air Wetbulb at Ideal Loads Peak [C],Coil Entering Air Humidity Ratio at Ideal Loads Peak [kgWater/kgDryAir],Coil Leaving Air Drybulb at Ideal Loads Peak [C],Coil Leaving Air Wetbulb at Ideal Loads Peak [C],Coil Leaving Air Humidity Ratio at Ideal Loads Peak [kgWater/kgDryAir],Outdoor Air Drybulb at Ideal Loads Peak [C],Outdoor Air Humidity Ratio at Ideal Loads Peak [kgWater/kgDryAir],Outdoor Air Wetbulb at Ideal Loads Peak [C],Outdoor Air Flow Percentage at Ideal Loads Peak [%],Zone Air Drybulb at Ideal Loads Peak [C],Zone Air Humidity Ratio at Ideal Loads Peak [kgWater/kgDryAir],Zone Air Relative Humidity at Ideal Loads Peak [%],Zone Sensible Heat Gain at Ideal Loads Peak [W],Zone Latent Heat Gain at Ideal Loads Peak [W],Coil Total Capacity at Rating Conditions [W],Coil Sensible Capacity at Rating Conditions [W]
,None,,,,,,,,,,,,,,,,,,,,,,,,,,,,,,,,


----------------------------------------------------------------------------------------------------
REPORT:,Coil Sizing Details
FOR:,Entire Facility
Coils

,,Coil Type,Coil Location,HVAC Type,HVAC Name,Zone Name(s),System Sizing Method Concurrence,System Sizing Method Capacity,System Sizing Method Air Flow,Autosized Coil Capacity?,Autosized Coil Airflow?,Autosized Coil Water Flow?,OA Pretreated prior to coil inlet?,Coil Final Gross Total Capacity [W],Coil Final Gross Sensible Capacity [W],Coil Final Reference Air Volume Flow Rate [m3/s],Coil Final Reference Plant Fluid Volume Flow Rate [m3/s],Coil U-value Times Area Value [W/K],Terminal Unit Reheat Coil Multiplier,DX Coil Capacity Increase Ratio from Too Low Flow/Capacity Ratio,DX Coil Capacity Decrease Ratio from Too High Flow/Capacity Ratio,Moist Air Heat Capacity [J/kg-K],Dry Air Heat Capacity [J/kg-K],Standard Air Density Adjusted for Elevation [kg/m3],Supply Fan Name for Coil,Supply Fan Type for Coil,Supply Fan Maximum Air Volume Flow Rate [m3/s],Supply Fan Maximum Air Mass Flow Rate [kg/s],Plant Name for Coil,Plant Fluid Specific Heat Capacity [J/kg-K],Plant Fluid Density [kg/m3],Plant Maximum Fluid Mass Flow Rate [kg/s],Plant Design Fluid Return Temperature [C],Plant Design Fluid Supply Temperature [C],Plant Design Fluid Temperature Difference [deltaC],Plant Design Capacity [W],Coil Capacity Percentage of Plant Design Capacity [%],Coil Fluid Flow Rate Percentage of Plant Design Flow Rate [%],Design Day Name at Sensible Ideal Loads Peak,Date/Time at Sensible Ideal Loads Peak,Design Day Name at Total Ideal Loads Peak,Date/Time at Total Ideal Loads Peak,Design Day Name at Air Flow Ideal Loads Peak,Date/Time at Air Flow Ideal Loads Peak,Peak Load Type to Size On,Coil Total Capacity at Ideal Loads Peak [W],Coil Sensible Capacity at Ideal Loads Peak [W],Coil Off-Rating Capacity Modifier at Ideal Loads Peak [ ],Coil Air Mass Flow Rate at Ideal Loads Peak [kg/s],Coil Air Volume Flow Rate at Ideal Loads Peak [m3/s],Coil Entering Air Drybulb at Ideal Loads Peak [C],Coil Entering Air Wetbulb at Ideal Loads Peak [C],Coil Entering Air Humidity Ratio at Ideal Loads Peak [kgWater/kgDryAir],Coil Entering Air Enthalpy at Ideal Loads Peak [J/KG-K],Coil Leaving Air Drybulb at Ideal Loads Peak [C],Coil Leaving Air Wetbulb at Ideal Loads Peak [C],Coil Leaving Air Humidity Ratio at Ideal Loads Peak [kgWater/kgDryAir],Coil Leaving Air Enthalpy at Ideal Loads Peak [J/KG-K],Coil Plant Fluid Mass Flow Rate at Ideal Loads Peak [kg/s],Coil Entering Plant Fluid Temperature at Ideal Loads Peak [C],Coil Leaving Plant Fluid Temperature at Ideal Loads Peak [C],Coil Plant Fluid Temperature Difference at Ideal Loads Peak [deltaC],Supply Fan Air Heat Gain at Ideal Loads Peak [W],Coil and Fan Net Total Capacity at Ideal Loads Peak [W],Outdoor Air Drybulb at Ideal Loads Peak [C],Outdoor Air Humidity Ratio at Ideal Loads Peak [kgWater/kgDryAir],Outdoor Air Wetbulb at Ideal Loads Peak [C],Outdoor Air Volume Flow Rate at Ideal Loads Peak [m3/s],Outdoor Air Flow Percentage at Ideal Loads Peak [%],System Return Air Drybulb at Ideal Loads Peak [C],System Return Air Humidity Ratio at Ideal Loads Peak [kgWater/kgDryAir],Zone Air Drybulb at Ideal Loads Peak [C],Zone Air Humidity Ratio at Ideal Loads Peak [kgWater/kgDryAir],Zone Air Relative Humidity at Ideal Loads Peak [%],Zone Sensible Heat Gain at Ideal Loads Peak [W],Zone Latent Heat Gain at Ideal Loads Peak [W],Coil Total Capacity at Rating Conditions [W],Coil Sensible Capacity at Rating Conditions [W],Coil Air Mass Flow Rate at Rating Conditions [kg/s],Coil Entering Air Drybulb at Rating Conditions [C],Coil Entering Air Wetbulb at Rating Conditions [C],Coil Entering Air Humidity Ratio at Rating Conditions [kgWater/kgDryAir],Coil Entering Air Enthalpy at Rating Conditions [J/KG-K],Coil Leaving Air Drybulb at Rating Conditions [C],Coil Leaving Air Wetbulb at Rating Conditions [C],Coil Leaving Air Humidity Ratio at Rating Conditions [kgWater/kgDryAir],Coil Leaving Air Enthalpy at Rating Conditions [J/KG-K]
,None,,,,,,,,,,,,,,,,,,,,,,,,,,,,,,,,,,,,,,,,,,,,,,,,,,,,,,,,,,,,,,,,,,,,,,,,,,,,,,,,,,,,,,


----------------------------------------------------------------------------------------------------
REPORT:,System Summary
FOR:,Entire Facility
Economizer

,,High Limit Shutoff Control,Minimum Outdoor Air [m3/s],Maximum Outdoor Air [m3/s],Return Air Temp Limit,Return Air Enthalpy Limit,Outdoor Air Temperature Limit [C],Outdoor Air Enthalpy Limit [C]
,None,,,,,,,


Demand Controlled Ventilation using Controller:MechanicalVentilation

,,Controller:MechanicalVentilation Name,Outdoor Air Per Person [m3/s-person],Outdoor Air Per Area [m3/s-m2],Outdoor Air Per Zone [m3/s],Outdoor Air ACH [ach],Outdoor Air Method,Outdoor Air Schedule Name,Air Distribution Effectiveness in Cooling Mode,Air Distribution Effectiveness in Heating Mode,Air Distribution Effectiveness Schedule Name
,None,,,,,,,,,,


Time Not Comfortable Based on Simple ASHRAE 55-2004

,,Winter Clothes [hr],Summer Clothes [hr],Summer or Winter Clothes [hr]
,BLOCK1:ZONE1,0.00,0.00,0.00
,Facility,0.00,0.00,0.00
Aggregated over the Design Days


Time Setpoint Not Met

,,During Heating [hr],During Cooling [hr],During Occupied Heating [hr],During Occupied Cooling [hr]
,BLOCK1:ZONE1,0.00,0.00,0.00,0.00
,Facility,0.00,0.00,0.00,0.00
Aggregated over the Design Days


----------------------------------------------------------------------------------------------------
REPORT:,Outdoor Air Summary
FOR:,Entire Facility
Average Outdoor Air During Occupied Hours

,,Average Number of Occupants,Nominal Number of Occupants,Zone Volume [m3],Mechanical Ventilation [ach],Infiltration [ach],AFN Infiltration [ach],Simple Ventilation [ach]
,None,,,,,,,
Values shown for a single zone without multipliers


Minimum Outdoor Air During Occupied Hours

,,Average Number of Occupants,Nominal Number of Occupants,Zone Volume [m3],Mechanical Ventilation [ach],Infiltration [ach],AFN Infiltration [ach],Simple Ventilation [ach]
,None,,,,,,,
Values shown for a single zone without multipliers


----------------------------------------------------------------------------------------------------
REPORT:,Object Count Summary
FOR:,Entire Facility
Surfaces by Class

,,Total,Outdoors
,Wall,4,4
,Floor,1,1
,Roof,1,1
,Internal Mass,0,0
,Building Detached Shading,0,0
,Fixed Detached Shading,0,0
,Window,0,0
,Door,0,0
,Glass Door,0,0
,Shading,0,0
,Overhang,0,0
,Fin,0,0
,Tubular Daylighting Device Dome,0,0
,Tubular Daylighting Device Diffuser,0,0


HVAC

,,Count
,HVAC Air Loops,0
,Conditioned Zones,1
,Unconditioned Zones,0
,Supply Plenums,0
,Return Plenums,0


Input Fields

,,Count
,IDF Objects,296
,Defaulted Fields,49
,Fields with Defaults,799
,Autosized Fields,4
,Autosizable Fields,6
,Autocalculated Fields,7
,Autocalculatable Fields,15


----------------------------------------------------------------------------------------------------
REPORT:,Energy Meters
FOR:,Entire Facility
Annual and Peak Values - Electricity

,,Electricity Annual Value [kWh],Electricity Minimum Value [W],Timestamp of Minimum {TIMESTAMP},Electricity Maximum Value [W],Timestamp of Maximum {TIMESTAMP}
,Electricity:Facility,0.00,0.00,15-JAN-00:30,0.00,15-JAN-00:30
,Electricity:Building,0.00,0.00,15-JAN-00:30,0.00,15-JAN-00:30
,Electricity:Zone:BLOCK1:ZONE1,0.00,0.00,15-JAN-00:30,0.00,15-JAN-00:30
,InteriorLights:Electricity,0.00,0.00,15-JAN-00:30,0.00,15-JAN-00:30
,InteriorLights:Electricity:Zone:BLOCK1:ZONE1,0.00,0.00,15-JAN-00:30,0.00,15-JAN-00:30
,ELECTRIC EQUIPMENT#BLOCK1:ZONE1#GeneralLights:InteriorLights:Electricity,0.00,0.00,15-JAN-00:30,0.00,15-JAN-00:30
,ElectricityPurchased:Facility,0.00,0.00,15-JAN-00:30,0.00,15-JAN-00:30
,ElectricityPurchased:Plant,0.00,0.00,15-JAN-00:30,0.00,15-JAN-00:30
,Cogeneration:ElectricityPurchased,0.00,0.00,15-JAN-00:30,0.00,15-JAN-00:30
,General:Cogeneration:ElectricityPurchased,0.00,0.00,15-JAN-00:30,0.00,15-JAN-00:30
,ElectricitySurplusSold:Facility,0.00,0.00,15-JAN-00:30,0.00,15-JAN-00:30
,ElectricitySurplusSold:Plant,0.00,0.00,15-JAN-00:30,0.00,15-JAN-00:30
,Cogeneration:ElectricitySurplusSold,0.00,0.00,15-JAN-00:30,0.00,15-JAN-00:30
,General:Cogeneration:ElectricitySurplusSold,0.00,0.00,15-JAN-00:30,0.00,15-JAN-00:30
,ElectricityNet:Facility,0.00,0.00,15-JAN-00:30,0.00,15-JAN-00:30
,ElectricityNet:Plant,0.00,0.00,15-JAN-00:30,0.00,15-JAN-00:30
,Cogeneration:ElectricityNet,0.00,0.00,15-JAN-00:30,0.00,15-JAN-00:30
,General:Cogeneration:ElectricityNet,0.00,0.00,15-JAN-00:30,0.00,15-JAN-00:30


Annual and Peak Values - Natural Gas

,,Natural Gas Annual Value [kWh],Natural Gas Minimum Value [W],Timestamp of Minimum {TIMESTAMP},Natural Gas Maximum Value [W],Timestamp of Maximum {TIMESTAMP}
,None,,,,,


Annual and Peak Values - Cooling

,,Cooling Annual Value [kWh],Cooling Minimum Value [W],Timestamp of Minimum {TIMESTAMP},Cooling Maximum Value [W],Timestamp of Maximum {TIMESTAMP}
,DistrictCooling:Facility,0.00,0.00,15-JAN-00:30,0.00,15-JAN-00:30
,DistrictCooling:HVAC,0.00,0.00,15-JAN-00:30,0.00,15-JAN-00:30
,Cooling:DistrictCooling,0.00,0.00,15-JAN-00:30,0.00,15-JAN-00:30
,General:Cooling:DistrictCooling,0.00,0.00,15-JAN-00:30,0.00,15-JAN-00:30


Annual and Peak Values - Water

,,Annual Value [m3],Minimum Value [m3/s],Timestamp of Minimum {TIMESTAMP},Maximum Value [m3/s],Timestamp of Maximum {TIMESTAMP}
,None,,,,,


Annual and Peak Values - Other by Weight/Mass

,,Annual Value [kg],Minimum Value [kg/s],Timestamp of Minimum {TIMESTAMP},Maximum Value [kg/s],Timestamp of Maximum {TIMESTAMP}
,Carbon Equivalent:Facility,0.00,0.000,15-JAN-00:30,0.000,15-JAN-00:30
,CarbonEquivalentEmissions:Carbon Equivalent,0.00,0.000,15-JAN-00:30,0.000,15-JAN-00:30


Annual and Peak Values - Other Volumetric

,,Annual Value [m3],Minimum Value [m3/s],Timestamp of Minimum {TIMESTAMP},Maximum Value [m3/s],Timestamp of Maximum {TIMESTAMP}
,None,,,,,


Annual and Peak Values - Other Liquid/Gas

,,Annual Value [L],Minimum Value [L],Timestamp of Minimum {TIMESTAMP},Maximum Value [L],Timestamp of Maximum {TIMESTAMP}
,None,,,,,


Annual and Peak Values - Other

,,Annual Value [kWh],Minimum Value [W],Timestamp of Minimum {TIMESTAMP},Maximum Value [W],Timestamp of Maximum {TIMESTAMP}
,EnergyTransfer:Facility,27.18,1128.36,15-JAN-00:30,1136.19,15-JAN-24:00
,EnergyTransfer:Building,27.18,1128.36,15-JAN-00:30,1136.19,15-JAN-24:00
,EnergyTransfer:Zone:BLOCK1:ZONE1,27.18,1128.36,15-JAN-00:30,1136.19,15-JAN-24:00
,Heating:EnergyTransfer,27.18,1128.36,15-JAN-00:30,1136.19,15-JAN-24:00
,Heating:EnergyTransfer:Zone:BLOCK1:ZONE1,27.18,1128.36,15-JAN-00:30,1136.19,15-JAN-24:00
,General:Heating:EnergyTransfer,27.18,1128.36,15-JAN-00:30,1136.19,15-JAN-24:00
,Cooling:EnergyTransfer,0.00,0.00,15-JAN-00:30,0.00,15-JAN-00:30
,Cooling:EnergyTransfer:Zone:BLOCK1:ZONE1,0.00,0.00,15-JAN-00:30,0.00,15-JAN-00:30
,General:Cooling:EnergyTransfer,0.00,0.00,15-JAN-00:30,0.00,15-JAN-00:30
,DistrictHeating:Facility,27.18,1128.36,15-JAN-00:30,1136.19,15-JAN-24:00
,DistrictHeating:HVAC,27.18,1128.36,15-JAN-00:30,1136.19,15-JAN-24:00
,Heating:DistrictHeating,27.18,1128.36,15-JAN-00:30,1136.19,15-JAN-24:00
,General:Heating:DistrictHeating,27.18,1128.36,15-JAN-00:30,1136.19,15-JAN-24:00


----------------------------------------------------------------------------------------------------
REPORT:,Sensible Heat Gain Summary
FOR:,Entire Facility
Annual Building Sensible Heat Gain Components

,,HVAC Zone Eq & Other Sensible Air Heating [kWh],HVAC Zone Eq & Other Sensible Air Cooling [kWh],HVAC Terminal Unit Sensible Air Heating [kWh],HVAC Terminal Unit Sensible Air Cooling [kWh],HVAC Input Heated Surface Heating [kWh],HVAC Input Cooled Surface Cooling [kWh],People Sensible Heat Addition [kWh],Lights Sensible Heat Addition [kWh],Equipment Sensible Heat Addition [kWh],Window Heat Addition [kWh],Interzone Air Transfer Heat Addition [kWh],Infiltration Heat Addition [kWh],Opaque Surface Conduction and Other Heat Addition [kWh],Equipment Sensible Heat Removal [kWh],Window Heat Removal [kWh],Interzone Air Transfer Heat Removal [kWh],Infiltration Heat Removal [kWh],Opaque Surface Conduction and Other Heat Removal [kWh]
,BLOCK1:ZONE1,0.000,0.000,0.000,0.000,0.000,0.000,0.000,0.000,0.000,0.000,0.000,0.000,0.000,0.000,0.000,0.000,0.000,0.000
,Total Facility,0.000,0.000,0.000,0.000,0.000,0.000,0.000,0.000,0.000,0.000,0.000,0.000,0.000,0.000,0.000,0.000,0.000,0.000


Peak Cooling Sensible Heat Gain Components

,,Time of Peak {TIMESTAMP},HVAC Zone Eq & Other Sensible Air Heating [W],HVAC Zone Eq & Other Sensible Air Cooling [W],HVAC Terminal Unit Sensible Air Heating [W],HVAC Terminal Unit Sensible Air Cooling [W],HVAC Input Heated Surface Heating [W],HVAC Input Cooled Surface Cooling [W],People Sensible Heat Addition [W],Lights Sensible Heat Addition [W],Equipment Sensible Heat Addition [W],Window Heat Addition [W],Interzone Air Transfer Heat Addition [W],Infiltration Heat Addition [W],Opaque Surface Conduction and Other Heat Addition [W],Equipment Sensible Heat Removal [W],Window Heat Removal [W],Interzone Air Transfer Heat Removal [W],Infiltration Heat Removal [W],Opaque Surface Conduction and Other Heat Removal [W]
,BLOCK1:ZONE1,-,0.00,0.00,0.00,0.00,0.00,0.00,0.00,0.00,0.00,0.00,0.00,0.00,0.00,0.00,0.00,0.00,0.00,0.00
,Total Facility,-,0.00,0.00,0.00,0.00,0.00,0.00,0.00,0.00,0.00,0.00,0.00,0.00,0.00,0.00,0.00,0.00,0.00,0.00


Peak Heating Sensible Heat Gain Components

,,Time of Peak {TIMESTAMP},HVAC Zone Eq & Other Sensible Air Heating [W],HVAC Zone Eq & Other Sensible Air Cooling [W],HVAC Terminal Unit Sensible Air Heating [W],HVAC Terminal Unit Sensible Air Cooling [W],HVAC Input Heated Surface Heating [W],HVAC Input Cooled Surface Cooling [W],People Sensible Heat Addition [W],Lights Sensible Heat Addition [W],Equipment Sensible Heat Addition [W],Window Heat Addition [W],Interzone Air Transfer Heat Addition [W],Infiltration Heat Addition [W],Opaque Surface Conduction and Other Heat Addition [W],Equipment Sensible Heat Removal [W],Window Heat Removal [W],Interzone Air Transfer Heat Removal [W],Infiltration Heat Removal [W],Opaque Surface Conduction and Other Heat Removal [W]
,BLOCK1:ZONE1,-,0.00,0.00,0.00,0.00,0.00,0.00,0.00,0.00,0.00,0.00,0.00,0.00,0.00,0.00,0.00,0.00,0.00,0.00
,Total Facility,-,0.00,0.00,0.00,0.00,0.00,0.00,0.00,0.00,0.00,0.00,0.00,0.00,0.00,0.00,0.00,0.00,0.00,0.00


----------------------------------------------------------------------------------------------------
REPORT:,Standard 62.1 Summary
FOR:,Entire Facility
System Ventilation Requirements for Cooling

,,Sum of Zone Primary Air Flow - Vpz-sum [m3/s],System Population - Ps,Sum of Zone Population - Pz-sum,Occupant Diversity - D,Uncorrected Outdoor Air Intake Airflow - Vou [m3/s],System Primary Airflow - Vps [m3/s],Average Outdoor Air Fraction - Xs,System Ventilation Efficiency - Ev,Outdoor Air Intake Flow - Vot [m3/s],Percent Outdoor Air - %OA,Environment Name of Peak System Population - Ps,Date and Time of Last Peak System Population - Ps
,None,,,,,,,,,,,,


System Ventilation Requirements for Heating

,,Sum of Zone Primary Air Flow - Vpz-sum [m3/s],System Population - Ps,Sum of Zone Population - Pz-sum,Occupant Diversity - D,Uncorrected Outdoor Air Intake Airflow - Vou [m3/s],System Primary Airflow - Vps [m3/s],Average Outdoor Air Fraction - Xs,System Ventilation Efficiency - Ev,Outdoor Air Intake Flow Vot [m3/s],Percent Outdoor Air - %OA,Environment Name of Peak System Population - Ps,Date and Time of Last Peak System Population - Ps
,None,,,,,,,,,,,,


Zone Ventilation Parameters

,,AirLoop Name,People Outdoor Air Rate - Rp [m3/s-person],Zone Population - Pz,Area Outdoor Air Rate - Ra [m3/s-m2],Zone Floor Area - Az [m2],Breathing Zone Outdoor Airflow - Vbz [m3/s],Cooling Zone Air Distribution Effectiveness - Ez-clg,Cooling Zone Outdoor Airflow - Voz-clg [m3/s],Heating Zone Air Distribution Effectiveness - Ez-htg,Heating Zone Outdoor Airflow - Voz-htg [m3/s]
,None,,,,,,,,,,


System Ventilation Parameters

,,People Outdoor Air Rate - Rp [m3/s-person],Sum of Zone Population - Pz-sum,Area Outdoor Air Rate - Ra [m3/s-m2],Sum of Zone Floor Area - Az-sum [m2],Breathing Zone Outdoor Airflow - Vbz [m3/s],Cooling Zone Outdoor Airflow - Voz-clg [m3/s],Heating Zone Outdoor Airflow - Voz-htg [m3/s]
,None,,,,,,,


Zone Ventilation Calculations for Cooling Design

,,AirLoop Name,Box Type,Zone Primary Airflow - Vpz [m3/s],Zone Discharge Airflow - Vdz [m3/s],Minimum Zone Primary Airflow - Vpz-min [m3/s],Zone Outdoor Airflow Cooling - Voz-clg [m3/s],Primary Outdoor Air Fraction - Zpz,Primary Air Fraction - Ep,Secondary Recirculation Fraction- Er,Supply Air Fraction- Fa,Mixed Air Fraction - Fb,Outdoor Air Fraction - Fc,Zone Ventilation Efficiency - Evz
,None,,,,,,,,,,,,,


System Ventilation Calculations for Cooling Design

,,Sum of Zone Primary Airflow - Vpz-sum [m3/s],System Primary Airflow - Vps [m3/s],Sum of Zone Discharge Airflow - Vdz-sum [m3/s],Sum of Min Zone Primary Airflow - Vpz-min [m3/s],Zone Outdoor Airflow Cooling - Voz-clg [m3/s],Zone Ventilation Efficiency - Evz-min
,None,,,,,,


Zone Ventilation Calculations for Heating Design

,,AirLoop Name,Box Type,Zone Primary Airflow - Vpz [m3/s],Zone Discharge Airflow - Vdz [m3/s],Minimum Zone Primary Airflow - Vpz-min [m3/s],Zone Outdoor Airflow Heating - Voz-htg [m3/s],Primary Outdoor Air Fraction - Zpz,Primary Air Fraction - Ep,Secondary Recirculation Fraction- Er,Supply Air Fraction- Fa,Mixed Air Fraction - Fb,Outdoor Air Fraction - Fc,Zone Ventilation Efficiency - Evz
,None,,,,,,,,,,,,,


System Ventilation Calculations for Heating Design

,,Sum of Zone Primary Airflow - Vpz-sum [m3/s],System Primary Airflow - Vps [m3/s],Sum of Zone Discharge Airflow - Vdz-sum [m3/s],Sum of Min Zone Primary Airflow - Vpz-min [m3/s],Zone Outdoor Airflow Heating - Voz-htg [m3/s],Zone Ventilation Efficiency - Evz-min
,None,,,,,,


----------------------------------------------------------------------------------------------------
REPORT:,LEED Summary
FOR:,Entire Facility
Sec1.1A-General Information

,,Data
,Weather File,WINTER DESIGN DAY IN UNTITLED (01-01:31-12) **
,Total gross floor area [m2],54.97


EAp2-1. Space Usage Type

,,Space Area [m2],Regularly Occupied Area [m2],Unconditioned Area [m2],Typical Hours/Week in Operation [hr/wk]
,BLOCK1:ZONE1,54.97,54.97,0.00,0.00
,Totals,54.97,54.97,0.00,


EAp2-2. Advisory Messages

,,Data
,Number of hours heating loads not met,0.00
,Number of hours cooling loads not met,0.00
,Number of hours not met,0.00


EAp2-3. Energy Type Summary

,,Utility Rate,Virtual Rate [$/unit energy],Units of Energy,Units of Demand
,None,,,,


EAp2-4/5. Performance Rating Method Compliance

,,Electricity Energy Use [kWh],Electricity Demand [W],Natural Gas Energy Use [kWh],Natural Gas Demand [W],Gasoline Use [kWh],Gasoline Demand [W],Diesel Use [kWh],Diesel Demand [W],Coal Use [kWh],Coal Demand [W],Fuel Oil No 1 Use [kWh],Fuel Oil No 1 Demand [W],Fuel Oil No 2 Use [kWh],Fuel Oil No 2 Demand [W],Propane Use [kWh],Propane Demand [W],Other Fuel 1 Use [kWh],Other Fuel 1 Demand [W],Other Fuel 2 Use [kWh],Other Fuel 2 Demand [W],District Cooling Use [kWh],District Cooling Demand [W],District Heating Use [kWh],District Heating Demand [W]
,Heating -- General,0.00,0.00,0.00,0.00,0.00,0.00,0.00,0.00,0.00,0.00,0.00,0.00,0.00,0.00,0.00,0.00,0.00,0.00,0.00,0.00,0.00,0.00,0.00,0.00
,Cooling -- General,0.00,0.00,0.00,0.00,0.00,0.00,0.00,0.00,0.00,0.00,0.00,0.00,0.00,0.00,0.00,0.00,0.00,0.00,0.00,0.00,0.00,0.00,0.00,0.00
,Interior Lighting -- ELECTRIC EQUIPMENT#BLOCK1:ZONE1#GeneralLights,0.00,0.00,0.00,0.00,0.00,0.00,0.00,0.00,0.00,0.00,0.00,0.00,0.00,0.00,0.00,0.00,0.00,0.00,0.00,0.00,0.00,0.00,0.00,0.00
,Exterior Lighting -- Not Subdivided,0.00,0.00,0.00,0.00,0.00,0.00,0.00,0.00,0.00,0.00,0.00,0.00,0.00,0.00,0.00,0.00,0.00,0.00,0.00,0.00,0.00,0.00,0.00,0.00
,Interior Equipment -- Not Subdivided,0.00,0.00,0.00,0.00,0.00,0.00,0.00,0.00,0.00,0.00,0.00,0.00,0.00,0.00,0.00,0.00,0.00,0.00,0.00,0.00,0.00,0.00,0.00,0.00
,Exterior Equipment -- Not Subdivided,0.00,0.00,0.00,0.00,0.00,0.00,0.00,0.00,0.00,0.00,0.00,0.00,0.00,0.00,0.00,0.00,0.00,0.00,0.00,0.00,0.00,0.00,0.00,0.00
,Fans -- Not Subdivided,0.00,0.00,0.00,0.00,0.00,0.00,0.00,0.00,0.00,0.00,0.00,0.00,0.00,0.00,0.00,0.00,0.00,0.00,0.00,0.00,0.00,0.00,0.00,0.00
,Pumps -- Not Subdivided,0.00,0.00,0.00,0.00,0.00,0.00,0.00,0.00,0.00,0.00,0.00,0.00,0.00,0.00,0.00,0.00,0.00,0.00,0.00,0.00,0.00,0.00,0.00,0.00
,Heat Rejection -- Not Subdivided,0.00,0.00,0.00,0.00,0.00,0.00,0.00,0.00,0.00,0.00,0.00,0.00,0.00,0.00,0.00,0.00,0.00,0.00,0.00,0.00,0.00,0.00,0.00,0.00
,Humidification -- Not Subdivided,0.00,0.00,0.00,0.00,0.00,0.00,0.00,0.00,0.00,0.00,0.00,0.00,0.00,0.00,0.00,0.00,0.00,0.00,0.00,0.00,0.00,0.00,0.00,0.00
,Heat Recovery -- Not Subdivided,0.00,0.00,0.00,0.00,0.00,0.00,0.00,0.00,0.00,0.00,0.00,0.00,0.00,0.00,0.00,0.00,0.00,0.00,0.00,0.00,0.00,0.00,0.00,0.00
,Water Systems -- Not Subdivided,0.00,0.00,0.00,0.00,0.00,0.00,0.00,0.00,0.00,0.00,0.00,0.00,0.00,0.00,0.00,0.00,0.00,0.00,0.00,0.00,0.00,0.00,0.00,0.00
,Refrigeration -- Not Subdivided,0.00,0.00,0.00,0.00,0.00,0.00,0.00,0.00,0.00,0.00,0.00,0.00,0.00,0.00,0.00,0.00,0.00,0.00,0.00,0.00,0.00,0.00,0.00,0.00
,Generators -- General,0.00,0.00,0.00,0.00,0.00,0.00,0.00,0.00,0.00,0.00,0.00,0.00,0.00,0.00,0.00,0.00,0.00,0.00,0.00,0.00,0.00,0.00,0.00,0.00


EAp2-6. Energy Use Summary

,,Process Subtotal [kWh],Total Energy Use [kWh]
,Electricity,0.00,0.00
,Natural Gas,0.00,0.00
,Additional,0.00,0.00
,Total,0.00,0.00


EAp2-7. Energy Cost Summary

,,Process Subtotal [$],Total Energy Cost [$]
,Electricity,0.00,
,Natural Gas,0.00,
,Additional,0.00,
,Total,0.00,
Process energy cost based on ratio of process to total energy.


L-1. Renewable Energy Source Summary

,,Rated Capacity [kW],Annual Energy Generated [kWh]
,Photovoltaic,0.00,0.00
,Wind,0.00,0.00


EAp2-17a. Energy Use Intensity - Electricity

,,Electricty [kWh/m2]
,Interior Lighting (All),0.00
,Space Heating,0.00
,Space Cooling,0.00
,Fans (All),0.00
,Service Water Heating,0.00
,Receptacle Equipment,0.00
,Miscellaneous (All),0.00
,Subtotal,0.00


EAp2-17b. Energy Use Intensity - Natural Gas

,,Natural Gas [kWh/m2]
,Space Heating,0.00
,Service Water Heating,0.00
,Miscellaneous (All),0.00
,Subtotal,0.00


EAp2-17c. Energy Use Intensity - Additional

,,Additional [kWh/m2]
,Subtotal,0.00
,Miscellaneous,0.00


EAp2-18. End Use Percentage

,,Percent [%]
,None,


Schedules-Equivalent Full Load Hours (Schedule Type=Fraction)

,,Equivalent Full Load Hours of Operation Per Year [hr],Hours > 1% [hr]
,DWELL_DOMCIRCULATION_OCC,2687.,3595.
,DWELL_DOMCIRCULATION_LIGHT,3595.,3595.


Schedules-SetPoints (Schedule Type=Temperature)

,,First Object Used,Month Assumed,11am First Wednesday [C],Days with Same 11am Value,11pm First Wednesday [C],Days with Same 11pm Value
,BLOCK1:ZONE1 HEATING SETPOINT SCHEDULE,DUAL SETPOINT - ZONE BLOCK1:ZONE1,January,18.00,365,21.00,365
,BLOCK1:ZONE1 COOLING SP SCH,DUAL SETPOINT - ZONE BLOCK1:ZONE1,July,100.00,365,100.00,365


----------------------------------------------------------------------------------------------------
REPORT:,Annual Thermal Resilience Summary
FOR:,Entire Facility
Heat Index Hours

,,Safe ( 26.7C) [hr],Caution (> 26.7,  32.2C) [hr],Extreme Caution (> 32.2,  39.4C) [hr],Danger (> 39.4,  51.7C) [hr],Extreme Danger (> 51.7C) [hr]
,BLOCK1:ZONE1,0.00,0.00,0.00,0.00,0.00
,Min,0.00,0.00,0.00,0.00,0.00
,Max,0.00,0.00,0.00,0.00,0.00
,Average,0.00,0.00,0.00,0.00,0.00
,Sum,0.00,0.00,0.00,0.00,0.00


Heat Index OccupantHours

,,Safe ( 26.7C) [hr],Caution (> 26.7,  32.2C) [hr],Extreme Caution (> 32.2,  39.4C) [hr],Danger (> 39.4,  51.7C) [hr],Extreme Danger (> 51.7C) [hr]
,BLOCK1:ZONE1,0.00,0.00,0.00,0.00,0.00
,Min,0.00,0.00,0.00,0.00,0.00
,Max,0.00,0.00,0.00,0.00,0.00
,Average,0.00,0.00,0.00,0.00,0.00
,Sum,0.00,0.00,0.00,0.00,0.00


Humidex Hours

,,Little to no Discomfort ( 29) [hr],Some Discomfort (> 29,  40) [hr],Great Discomfort; Avoid Exertion (> 40,  45) [hr],Dangerous (> 45,  50) [hr],Heat Stroke Quite Possible (> 50) [hr]
,BLOCK1:ZONE1,0.00,0.00,0.00,0.00,0.00
,Min,0.00,0.00,0.00,0.00,0.00
,Max,0.00,0.00,0.00,0.00,0.00
,Average,0.00,0.00,0.00,0.00,0.00
,Sum,0.00,0.00,0.00,0.00,0.00


Humidex OccupantHours

,,Little to no Discomfort ( 29) [hr],Some Discomfort (> 29,  40) [hr],Great Discomfort; Avoid Exertion (> 40,  45) [hr],Dangerous (> 45,  50) [hr],Heat Stroke Quite Possible (> 50) [hr]
,BLOCK1:ZONE1,0.00,0.00,0.00,0.00,0.00
,Min,0.00,0.00,0.00,0.00,0.00
,Max,0.00,0.00,0.00,0.00,0.00
,Average,0.00,0.00,0.00,0.00,0.00
,Sum,0.00,0.00,0.00,0.00,0.00


Heating SET Hours

,,SET  12.2C Hours (C),SET  12.2C OccupantHours (C),Longest SET  12.2C Duration [hr],Start Time of the Longest SET  12.2C Duration
,None,,,,


Cooling SET Hours

,,SET > 30C Hours (C),SET > 30C OccupantHours (C),Longest SET > 30C Duration [hr],Start Time of the Longest SET > 30C Duration
,None,,,,


----------------------------------------------------------------------------------------------------
REPORT:,Annual CO2 Resilience Summary
FOR:,Entire Facility
CO2 Level Hours

,,Safe (<= 1000 ppm) [hr],Caution (> 1000, <= 5000 ppm) [hr],Hazard (> 5000 ppm) [hr]
,None,,,


CO2 Level OccupantHours

,,Safe (<= 1000 ppm) [hr],Caution (> 1000, <= 5000 ppm) [hr],Hazard (> 5000 ppm) [hr]
,None,,,


----------------------------------------------------------------------------------------------------
REPORT:,Annual Visual Resilience Summary
FOR:,Entire Facility
Illuminance Level Hours

,,A Bit Dark (<= 100 lux) [hr],Dim (> 100, <= 300 lux) [hr],Adequate (> 300, <= 500 lux) [hr],Bright (>500 lux) [hr]
,None,,,,


Illuminance Level OccupantHours

,,A Bit Dark (<= 100 lux) [hr],Dim (> 100, <= 300 lux) [hr],Adequate (> 300, <= 500 lux) [hr],Bright (>500 lux) [hr]
,None,,,,


